#
# There is insufficient memory for the Java Runtime Environment to continue.
# Native memory allocation (mmap) failed to map 65536 bytes. Error detail: Failed to commit metaspace.
# Possible reasons:
#   The system is out of physical RAM or swap space
#   This process is running with CompressedOops enabled, and the Java Heap may be blocking the growth of the native heap
# Possible solutions:
#   Reduce memory load on the system
#   Increase physical memory or swap space
#   Check if swap backing store is full
#   Decrease Java heap size (-Xmx/-Xms)
#   Decrease number of Java threads
#   Decrease Java thread stack sizes (-Xss)
#   Set larger code cache with -XX:ReservedCodeCacheSize=
#   JVM is running with Unscaled Compressed Oops mode in which the Java heap is
#     placed in the first 4GB address space. The Java Heap base address is the
#     maximum limit for the native heap growth. Please use -XX:HeapBaseMinAddress
#     to set the Java Heap base and to place the Java Heap above 4GB virtual address.
# This output file may be truncated or incomplete.
#
#  Out of Memory Error (virtualSpaceNode.cpp:113), pid=36784, tid=39788
#
# JRE version: OpenJDK Runtime Environment Temurin-21.0.9+10 (21.0.9+10) (build 21.0.9+10-LTS)
# Java VM: OpenJDK 64-Bit Server VM Temurin-21.0.9+10 (21.0.9+10-LTS, mixed mode, sharing, tiered, compressed oops, compressed class ptrs, parallel gc, windows-amd64)
# No core dump will be written. Minidumps are not enabled by default on client versions of Windows
#

---------------  S U M M A R Y ------------

Command Line: --add-modules=ALL-SYSTEM --add-opens=java.base/java.util=ALL-UNNAMED --add-opens=java.base/java.lang=ALL-UNNAMED --add-opens=java.base/sun.nio.fs=ALL-UNNAMED -Declipse.application=org.eclipse.jdt.ls.core.id1 -Dosgi.bundles.defaultStartLevel=4 -Declipse.product=org.eclipse.jdt.ls.core.product -Djava.import.generatesMetadataFilesAtProjectRoot=false -DDetectVMInstallationsJob.disabled=true -Dfile.encoding=utf8 -XX:+UseParallelGC -XX:GCTimeRatio=4 -XX:AdaptiveSizePolicyWeight=90 -Dsun.zip.disableMemoryMapping=true -Xmx2G -Xms100m -Xlog:disable -javaagent:c:\Users\Nithin\.vscode\extensions\redhat.java-1.48.2025111208-win32-x64\lombok\lombok-1.18.39-4050.jar -XX:+HeapDumpOnOutOfMemoryError -XX:HeapDumpPath=c:\Users\Nithin\AppData\Roaming\Code\User\workspaceStorage\0a4af74c710776f18431824a9c484b44\redhat.java -Daether.dependencyCollector.impl=bf -XX:+UnlockDiagnosticVMOptions -XX:+AllowArchivingWithJavaAgent -XX:+AutoCreateSharedArchive -XX:SharedArchiveFile=c:\Users\Nithin\AppData\Roaming\Code\User\globalStorage\redhat.java\1.48.2025111208\jdtls.jsa c:\Users\Nithin\.vscode\extensions\redhat.java-1.48.2025111208-win32-x64\server\plugins\org.eclipse.equinox.launcher_1.7.100.v20251111-0406.jar -configuration c:\Users\Nithin\AppData\Roaming\Code\User\globalStorage\redhat.java\1.48.2025111208\config_win -data c:\Users\Nithin\AppData\Roaming\Code\User\workspaceStorage\0a4af74c710776f18431824a9c484b44\redhat.java\jdt_ws --pipe=\\.\pipe\lsp-b719b5b76bab9005b6e67dee4cebb327-sock

Host: 12th Gen Intel(R) Core(TM) i5-1235U, 12 cores, 7G,  Windows 11 , 64 bit Build 26100 (10.0.26100.6725)
Time: Mon Nov 17 11:33:34 2025 India Standard Time elapsed time: 62.706840 seconds (0d 0h 1m 2s)

---------------  T H R E A D  ---------------

Current thread (0x000002c969bdbf20):  JavaThread "ForkJoinPool.commonPool-worker-7" daemon [_thread_in_vm, id=39788, stack(0x000000ff35700000,0x000000ff35800000) (1024K)]

Stack: [0x000000ff35700000,0x000000ff35800000]
Native frames: (J=compiled Java code, j=interpreted, Vv=VM code, C=native code)
V  [jvm.dll+0x6d6e29]
V  [jvm.dll+0x8b4b76]
V  [jvm.dll+0x8b712e]
V  [jvm.dll+0x8b7813]
V  [jvm.dll+0x283d86]
V  [jvm.dll+0x8b08be]
V  [jvm.dll+0x678824]
V  [jvm.dll+0x1e80ab]
V  [jvm.dll+0x1e7e6e]
V  [jvm.dll+0x67b122]
V  [jvm.dll+0x67af52]
V  [jvm.dll+0x6791fe]
V  [jvm.dll+0x68a3bd]
V  [jvm.dll+0x68373e]
V  [jvm.dll+0x3dcfc1]
C  0x000002c91471b91b

The last pc belongs to method entry point (kind = zerolocals) (printed below).
Java frames: (J=compiled Java code, j=interpreted, Vv=VM code)
j  org.eclipse.jdt.internal.formatter.linewrap.WrapPreparator.fixEnumConstantIndents(Lorg/eclipse/jdt/core/dom/ASTNode;)V+0
j  org.eclipse.jdt.internal.formatter.linewrap.WrapPreparator.finishUp(Lorg/eclipse/jdt/core/dom/ASTNode;Ljava/util/List;)V+41
j  org.eclipse.jdt.internal.formatter.DefaultCodeFormatter.prepareWraps(I)V+38
j  org.eclipse.jdt.internal.formatter.DefaultCodeFormatter.prepareFormattedCode(Ljava/lang/String;I)Ljava/util/List;+51
j  org.eclipse.jdt.internal.formatter.DefaultCodeFormatter.format(ILjava/lang/String;[Lorg/eclipse/jface/text/IRegion;ILjava/lang/String;)Lorg/eclipse/text/edits/TextEdit;+46
j  org.eclipse.jdt.internal.formatter.DefaultCodeFormatter.format(ILjava/lang/String;IIILjava/lang/String;)Lorg/eclipse/text/edits/TextEdit;+24
j  org.eclipse.jdt.internal.core.dom.rewrite.ASTRewriteFormatter.formatString(ILjava/lang/String;III)Lorg/eclipse/text/edits/TextEdit;+18
j  org.eclipse.jdt.internal.core.dom.rewrite.ASTRewriteFormatter.formatNode(Lorg/eclipse/jdt/core/dom/ASTNode;Ljava/lang/String;II)Lorg/eclipse/text/edits/TextEdit;+546
j  org.eclipse.jdt.internal.core.dom.rewrite.ASTRewriteFormatter.getFormattedResult(Lorg/eclipse/jdt/core/dom/ASTNode;IILjava/util/Collection;)Ljava/lang/String;+48
j  org.eclipse.jdt.internal.core.dom.rewrite.ASTRewriteAnalyzer.doTextInsert(ILorg/eclipse/jdt/core/dom/ASTNode;IZILorg/eclipse/text/edits/TextEditGroup;)V+19
j  org.eclipse.jdt.internal.core.dom.rewrite.ASTRewriteAnalyzer.doTextInsert(ILorg/eclipse/jdt/core/dom/ASTNode;IZLorg/eclipse/text/edits/TextEditGroup;)V+9
j  org.eclipse.jdt.internal.core.dom.rewrite.ASTRewriteAnalyzer$ListRewriter.rewriteList(Lorg/eclipse/jdt/core/dom/ASTNode;Lorg/eclipse/jdt/core/dom/StructuralPropertyDescriptor;Ljava/lang/String;Ljava/lang/String;I)I+1337
j  org.eclipse.jdt.internal.core.dom.rewrite.ASTRewriteAnalyzer$ListRewriter.rewriteList(Lorg/eclipse/jdt/core/dom/ASTNode;Lorg/eclipse/jdt/core/dom/StructuralPropertyDescriptor;ILjava/lang/String;Ljava/lang/String;)I+13
j  org.eclipse.jdt.internal.core.dom.rewrite.ASTRewriteAnalyzer.rewriteNodeList(Lorg/eclipse/jdt/core/dom/ASTNode;Lorg/eclipse/jdt/core/dom/StructuralPropertyDescriptor;ILjava/lang/String;Ljava/lang/String;)I+36
j  org.eclipse.jdt.internal.core.dom.rewrite.ASTRewriteAnalyzer.visit(Lorg/eclipse/jdt/core/dom/MethodInvocation;)Z+98
J 15254 c1 org.eclipse.jdt.core.dom.MethodInvocation.accept0(Lorg/eclipse/jdt/core/dom/ASTVisitor;)V (63 bytes) @ 0x000002c90f196cdc [0x000002c90f196bc0+0x000000000000011c]
j  org.eclipse.jdt.core.dom.ASTNode.accept(Lorg/eclipse/jdt/core/dom/ASTVisitor;)V+31
j  org.eclipse.jdt.core.dom.rewrite.ASTRewrite.internalRewriteAST([CLorg/eclipse/jdt/internal/core/dom/rewrite/LineInformation;Ljava/lang/String;Ljava/util/List;Ljava/util/Map;Lorg/eclipse/jdt/core/dom/ASTNode;Lorg/eclipse/jdt/internal/compiler/parser/RecoveryScannerData;)Lorg/eclipse/text/edits/TextEdit;+58
j  org.eclipse.jdt.core.dom.rewrite.ASTRewrite.rewriteAST()Lorg/eclipse/text/edits/TextEdit;+162
j  org.eclipse.jdt.internal.corext.refactoring.structure.CompilationUnitRewrite.attachChange(Lorg/eclipse/jdt/core/refactoring/CompilationUnitChange;ZLorg/eclipse/core/runtime/IProgressMonitor;)Lorg/eclipse/jdt/core/refactoring/CompilationUnitChange;+190
j  org.eclipse.jdt.internal.corext.refactoring.structure.CompilationUnitRewrite.createChange(Ljava/lang/String;ZLorg/eclipse/core/runtime/IProgressMonitor;)Lorg/eclipse/jdt/core/refactoring/CompilationUnitChange;+35
j  org.eclipse.jdt.internal.corext.fix.CompilationUnitRewriteOperationsFixCore.createChange(Lorg/eclipse/core/runtime/IProgressMonitor;)Lorg/eclipse/jdt/core/refactoring/CompilationUnitChange;+77
j  org.eclipse.jdt.ls.core.internal.text.correction.QuickAssistProcessor.getConvertToMessageFormatProposal(Lorg/eclipse/jdt/ui/text/java/IInvocationContext;Lorg/eclipse/jdt/core/dom/ASTNode;Ljava/util/ArrayList;)Z+33
j  org.eclipse.jdt.ls.core.internal.text.correction.QuickAssistProcessor.getAssists(Lorg/eclipse/lsp4j/CodeActionParams;Lorg/eclipse/jdt/ui/text/java/IInvocationContext;[Lorg/eclipse/jdt/ui/text/java/IProblemLocation;)Ljava/util/List;+238
j  org.eclipse.jdt.ls.core.internal.handlers.CodeActionHandler.getCodeActionCommands(Lorg/eclipse/lsp4j/CodeActionParams;Lorg/eclipse/core/runtime/IProgressMonitor;)Ljava/util/List;+626
j  org.eclipse.jdt.ls.core.internal.handlers.JDTLanguageServer.lambda$15(Lorg/eclipse/jdt/ls/core/internal/handlers/CodeActionHandler;Lorg/eclipse/lsp4j/CodeActionParams;Lorg/eclipse/core/runtime/IProgressMonitor;)Ljava/util/List;+16
j  org.eclipse.jdt.ls.core.internal.handlers.JDTLanguageServer$$Lambda+0x000002c9227bab40.apply(Ljava/lang/Object;)Ljava/lang/Object;+16
J 15631 c1 org.eclipse.jdt.ls.core.internal.BaseJDTLanguageServer$$Lambda+0x000002c92275c468.apply(Ljava/lang/Object;)Ljava/lang/Object; (16 bytes) @ 0x000002c90f2b6e34 [0x000002c90f2b6a00+0x0000000000000434]
J 12625 c1 java.util.concurrent.CompletableFuture$UniApply.tryFire(I)Ljava/util/concurrent/CompletableFuture; java.base@21.0.9 (149 bytes) @ 0x000002c90ea3c804 [0x000002c90ea3c140+0x00000000000006c4]
J 15302 c1 java.util.concurrent.CompletableFuture$Completion.exec()Z java.base@21.0.9 (8 bytes) @ 0x000002c90f1cccd4 [0x000002c90f1ccbc0+0x0000000000000114]
J 13419 c1 java.util.concurrent.ForkJoinTask.doExec()I java.base@21.0.9 (37 bytes) @ 0x000002c90ec2a5c4 [0x000002c90ec2a480+0x0000000000000144]
J 16796 c2 java.util.concurrent.ForkJoinPool.scan(Ljava/util/concurrent/ForkJoinPool$WorkQueue;II)I java.base@21.0.9 (263 bytes) @ 0x000002c9158a1f90 [0x000002c9158a1e00+0x0000000000000190]
j  java.util.concurrent.ForkJoinPool.runWorker(Ljava/util/concurrent/ForkJoinPool$WorkQueue;)V+35 java.base@21.0.9
j  java.util.concurrent.ForkJoinWorkerThread.run()V+31 java.base@21.0.9
v  ~StubRoutines::call_stub 0x000002c91471100d
method entry point (kind = zerolocals)  [0x000002c91471b740, 0x000002c91471bb08]  968 bytes
[MachCode]
  0x000002c91471b740: 488b 5308 | 0fb7 4a2e | 0fb7 522c | 2bd1 81fa | f501 0000 | 0f86 2500 | 0000 488b | c248 c1e0 
  0x000002c91471b760: 0348 83c0 | 5849 0387 | c804 0000 | 483b e00f | 870a 0000 | 0058 498b | e550 e901 | afff ff58 
  0x000002c91471b780: 4c8d 74cc | f885 d20f | 8e09 0000 | 0068 0000 | 0000 ffca | 7ff7 5055 | 488b ec41 | 5568 0000 
  0x000002c91471b7a0: 0000 4c8b | 6b08 4d8d | 6d38 5348 | 8b53 0848 | 8b52 0848 | 8b52 1848 | 8b52 7048 | 8b12 5248 
  0x000002c91471b7c0: 8b53 1048 | 85d2 0f84 | 0700 0000 | 4881 c208 | 0100 0052 | 488b 5308 | 488b 5208 | 488b 5210 
  0x000002c91471b7e0: 5249 8bc6 | 482b c548 | c1e8 0350 | 4155 6800 | 0000 0048 | 8924 2441 | c687 7104 | 0000 0148 
  0x000002c91471b800: 8b45 d848 | 85c0 0f84 | 9100 0000 | 8b48 fc85 | c90f 8886 | 0000 0048 | 03c1 488b | 4808 4883 
  0x000002c91471b820: e902 488b | 54c8 1048 | f7da 498b | 14d6 4885 | d275 10f6 | 44c8 1801 | 755d f048 | 834c c818 
  0x000002c91471b840: 01eb 548b | 5208 49ba | 0000 0021 | c902 0000 | 4903 d24c | 8bd2 4833 | 54c8 1848 | f7c2 fcff 
  0x000002c91471b860: ffff 7433 | f6c2 0275 | 2e48 837c | c818 0074 | 2148 837c | c818 0174 | 1949 8bd2 | 4833 54c8 
  0x000002c91471b880: 1848 f7c2 | fcff ffff | 740d 4883 | 4cc8 1802 | eb05 4889 | 54c8 1848 | 83e9 0279 | 8548 8b43 
  0x000002c91471b8a0: 1048 85c0 | 7420 8b88 | cc00 0000 | 83c1 0289 | 88cc 0000 | 0023 88e0 | 0000 000f | 8496 0100 
  0x000002c91471b8c0: 00e9 cf00 | 0000 488b | 4318 4885 | c00f 85b0 | 0000 00e8 | 0500 0000 | e999 0000 | 0048 8bd3 
  0x000002c91471b8e0: 488d 4424 | 084c 896d | c049 8bcf | c5f8 7749 | 89af a803 | 0000 4989 | 8798 0300 | 0048 83ec 
  0x000002c91471b900: 2040 f6c4 | 0f0f 8419 | 0000 0048 | 83ec 0848 | b8a0 cfcc | 64fe 7f00 | 00ff d048 | 83c4 08e9 
  0x000002c91471b920: 0c00 0000 | 48b8 a0cf | cc64 fe7f | 0000 ffd0 | 4883 c420 | 49c7 8798 | 0300 0000 | 0000 0049 
  0x000002c91471b940: c787 a803 | 0000 0000 | 0000 49c7 | 87a0 0300 | 0000 0000 | 00c5 f877 | 4983 7f08 | 000f 8405 
  0x000002c91471b960: 0000 00e9 | 9855 ffff | 4c8b 6dc0 | 4c8b 75c8 | 4e8d 74f5 | 00c3 488b | 4318 4885 | c00f 8412 
  0x000002c91471b980: 0000 008b | 4808 83c1 | 0289 4808 | 2348 1c0f | 84c2 0000 | 0049 3ba7 | e004 0000 | 0f87 4800 
  0x000002c91471b9a0: 0000 8984 | 2400 f0ff | ff89 8424 | 00e0 ffff | 8984 2400 | d0ff ff89 | 8424 00c0 | ffff 8984 
  0x000002c91471b9c0: 2400 b0ff | ff89 8424 | 00a0 ffff | 8984 2400 | 90ff ff89 | 8424 0080 | ffff 493b | a7d8 0400 
  0x000002c91471b9e0: 0076 0749 | 89a7 e004 | 0000 41c6 | 8771 0400 | 0000 49ba | cf4d 5965 | fe7f 0000 | 4180 3a00 
  0x000002c91471ba00: 0f84 3e00 | 0000 488b | 55e8 498b | cf48 83ec | 2040 f6c4 | 0f0f 8419 | 0000 0048 | 83ec 0848 
  0x000002c91471ba20: b840 d502 | 65fe 7f00 | 00ff d048 | 83c4 08e9 | 0c00 0000 | 48b8 40d5 | 0265 fe7f | 0000 ffd0 
  0x000002c91471ba40: 4883 c420 | 410f b65d | 0049 ba30 | 1d5c 65fe | 7f00 0041 | ff24 daba | 0000 0000 | e805 0000 
  0x000002c91471ba60: 00e9 9600 | 0000 488d | 4424 084c | 896d c049 | 8bcf c5f8 | 7749 89af | a803 0000 | 4989 8798 
  0x000002c91471ba80: 0300 0048 | 83ec 2040 | f6c4 0f0f | 8419 0000 | 0048 83ec | 0848 b860 | dacc 64fe | 7f00 00ff 
  0x000002c91471baa0: d048 83c4 | 08e9 0c00 | 0000 48b8 | 60da cc64 | fe7f 0000 | ffd0 4883 | c420 49c7 | 8798 0300 
  0x000002c91471bac0: 0000 0000 | 0049 c787 | a803 0000 | 0000 0000 | 49c7 87a0 | 0300 0000 | 0000 00c5 | f877 4983 
  0x000002c91471bae0: 7f08 000f | 8405 0000 | 00e9 1254 | ffff 4c8b | 6dc0 4c8b | 75c8 4e8d | 74f5 00c3 | 488b 5de8 
  0x000002c91471bb00: e990 feff | ff66 6690 
[/MachCode]

Compiled method (c1) 63756 15254       3       org.eclipse.jdt.core.dom.MethodInvocation::accept0 (63 bytes)
 total in heap  [0x000002c90f196990,0x000002c90f197370] = 2528
 relocation     [0x000002c90f196af0,0x000002c90f196bb0] = 192
 main code      [0x000002c90f196bc0,0x000002c90f1970e8] = 1320
 stub code      [0x000002c90f1970e8,0x000002c90f197170] = 136
 oops           [0x000002c90f197170,0x000002c90f197178] = 8
 metadata       [0x000002c90f197178,0x000002c90f1971a0] = 40
 scopes data    [0x000002c90f1971a0,0x000002c90f197238] = 152
 scopes pcs     [0x000002c90f197238,0x000002c90f197338] = 256
 dependencies   [0x000002c90f197338,0x000002c90f197348] = 16
 nul chk table  [0x000002c90f197348,0x000002c90f197370] = 40

[Constant Pool (empty)]

[MachCode]
[Entry Point]
  # {method} {0x000002c967ac2510} 'accept0' '(Lorg/eclipse/jdt/core/dom/ASTVisitor;)V' in 'org/eclipse/jdt/core/dom/MethodInvocation'
  # this:     rdx:rdx   = 'org/eclipse/jdt/core/dom/MethodInvocation'
  # parm0:    r8:r8     = 'org/eclipse/jdt/core/dom/ASTVisitor'
  #           [sp+0x60]  (sp of caller)
  0x000002c90f196bc0: 448b 5208 | 49bb 0000 | 0021 c902 | 0000 4d03 | d34c 3bd0 

  0x000002c90f196bd4: ;   {runtime_call ic_miss_stub}
  0x000002c90f196bd4: 0f85 a678 | 5c05 660f | 1f44 0000 
[Verified Entry Point]
  0x000002c90f196be0: 8984 2400 | 80ff ff55 | 4883 ec50 | 4181 7f20 | 0500 0000 

  0x000002c90f196bf4: ;   {runtime_call StubRoutines (final stubs)}
  0x000002c90f196bf4: 7405 e8e5 | 1d5b 0548 | 8954 2438 

  0x000002c90f196c00: ;   {metadata(method data for {method} {0x000002c967ac2510} 'accept0' '(Lorg/eclipse/jdt/core/dom/ASTVisitor;)V' in 'org/eclipse/jdt/core/dom/MethodInvocation')}
  0x000002c90f196c00: 48be 7093 | c378 c902 | 0000 8bbe | cc00 0000 | 83c7 0289 | becc 0000 | 0081 e7fe | 0700 0085 
  0x000002c90f196c20: ff0f 8408 | 0400 0049 | 3b00 498b 

  0x000002c90f196c2c: ;   {metadata(method data for {method} {0x000002c967ac2510} 'accept0' '(Lorg/eclipse/jdt/core/dom/ASTVisitor;)V' in 'org/eclipse/jdt/core/dom/MethodInvocation')}
  0x000002c90f196c2c: f048 bf70 | 93c3 78c9 | 0200 008b | 7608 49ba | 0000 0021 | c902 0000 | 4903 f248 | 3bb7 2001 
  0x000002c90f196c4c: 0000 750d | 4883 8728 | 0100 0001 | e960 0000 | 0048 3bb7 | 3001 0000 | 750d 4883 | 8738 0100 
  0x000002c90f196c6c: 0001 e94a | 0000 0048 | 83bf 2001 | 0000 0075 | 1748 89b7 | 2001 0000 | 48c7 8728 | 0100 0001 
  0x000002c90f196c8c: 0000 00e9 | 2900 0000 | 4883 bf30 | 0100 0000 | 7517 4889 | b730 0100 | 0048 c787 | 3801 0000 
  0x000002c90f196cac: 0100 0000 | e908 0000 | 0048 8387 | 1001 0000 | 0149 8bf0 | 4c8b c248 | 8bd6 4889 | 7424 4066 
  0x000002c90f196ccc: 9048 b8ff | ffff ffff 

  0x000002c90f196cd4: ;   {virtual_call}
  0x000002c90f196cd4: ffff ffe8 

  0x000002c90f196cd8: ; ImmutableOopMap {[56]=Oop [64]=Oop }
                      ;*invokevirtual visit {reexecute=0 rethrow=0 return_oop=0}
                      ; - org.eclipse.jdt.core.dom.MethodInvocation::accept0@2 (line 220)
  0x000002c90f196cd8: 9457 6e05 

  0x000002c90f196cdc: ;   {other}
  0x000002c90f196cdc: 0f1f 8400 | 4c03 0000 

  0x000002c90f196ce4: ;   {metadata(method data for {method} {0x000002c967ac2510} 'accept0' '(Lorg/eclipse/jdt/core/dom/ASTVisitor;)V' in 'org/eclipse/jdt/core/dom/MethodInvocation')}
  0x000002c90f196ce4: 85c0 49b8 | 7093 c378 | c902 0000 | 48c7 c248 | 0100 0074 | 0748 c7c2 | 5801 0000 | 498b 3410 
  0x000002c90f196d04: 488d 7601 | 4989 3410 | 0f84 5202 | 0000 488b | 5424 384c 

  0x000002c90f196d18: ;   {metadata(method data for {method} {0x000002c967ac2510} 'accept0' '(Lorg/eclipse/jdt/core/dom/ASTVisitor;)V' in 'org/eclipse/jdt/core/dom/MethodInvocation')}
  0x000002c90f196d18: 8bc2 48be | 7093 c378 | c902 0000 

  0x000002c90f196d24: ;   {metadata('org/eclipse/jdt/core/dom/MethodInvocation')}
  0x000002c90f196d24: 49ba 802a | 6e22 c902 | 0000 4c89 | 9678 0100 | 0048 8386 | 8001 0000 | 018b 7230 

  0x000002c90f196d40: ;   {metadata(method data for {method} {0x000002c967ac2510} 'accept0' '(Lorg/eclipse/jdt/core/dom/ASTVisitor;)V' in 'org/eclipse/jdt/core/dom/MethodInvocation')}
  0x000002c90f196d40: 4c8b c248 | bf70 93c3 | 78c9 0200 | 0048 8387 | a001 0000 

  0x000002c90f196d54: ;   {metadata(method data for {method} {0x000002c96599af18} 'acceptChild' '(Lorg/eclipse/jdt/core/dom/ASTVisitor;Lorg/eclipse/jdt/core/dom/ASTNode;)V' in 'org/eclipse/jdt/core/dom/ASTNode')}
  0x000002c90f196d54: 0149 b898 | f035 78c9 | 0200 0041 | 8bb8 cc00 | 0000 83c7 | 0241 89b8 | cc00 0000 | 81e7 feff 
  0x000002c90f196d74: 1f00 85ff | 0f84 d702 | 0000 4885 

  0x000002c90f196d80: ;   {metadata(method data for {method} {0x000002c96599af18} 'acceptChild' '(Lorg/eclipse/jdt/core/dom/ASTVisitor;Lorg/eclipse/jdt/core/dom/ASTNode;)V' in 'org/eclipse/jdt/core/dom/ASTNode')}
  0x000002c90f196d80: f649 b898 | f035 78c9 | 0200 0048 | c7c7 2001 | 0000 7407 | 48c7 c710 | 0100 0049 | 8b1c 3848 
  0x000002c90f196da0: 8d5b 0149 | 891c 380f | 8434 0000 | 0048 3b06 

  0x000002c90f196db0: ;   {metadata(method data for {method} {0x000002c96599af18} 'acceptChild' '(Lorg/eclipse/jdt/core/dom/ASTVisitor;Lorg/eclipse/jdt/core/dom/ASTNode;)V' in 'org/eclipse/jdt/core/dom/ASTNode')}
  0x000002c90f196db0: 4c8b c648 | bf98 f035 | 78c9 0200 | 0048 8387 | 3001 0000 | 014c 8b44 | 2440 488b 

  0x000002c90f196dcc: ;   {optimized virtual_call}
  0x000002c90f196dcc: d666 90e8 

  0x000002c90f196dd0: ; ImmutableOopMap {[56]=Oop [64]=Oop }
                      ;*invokevirtual accept {reexecute=0 rethrow=0 return_oop=0}
                      ; - org.eclipse.jdt.core.dom.ASTNode::acceptChild@7 (line 3360)
                      ; - org.eclipse.jdt.core.dom.MethodInvocation::accept0@16 (line 223)
  0x000002c90f196dd0: 4803 0000 

  0x000002c90f196dd4: ;   {other}
  0x000002c90f196dd4: 0f1f 8400 | 4404 0001 | 488b 5424 | 3844 8b42 | 1c45 8b40 | 0c41 83f8 

  0x000002c90f196dec: ;   {metadata(method data for {method} {0x000002c967ac2510} 'accept0' '(Lorg/eclipse/jdt/core/dom/ASTVisitor;)V' in 'org/eclipse/jdt/core/dom/MethodInvocation')}
  0x000002c90f196dec: 0349 b870 | 93c3 78c9 | 0200 0049 | c7c1 d801 | 0000 7c07 | 49c7 c1e8 | 0100 004b | 8b34 0848 
  0x000002c90f196e0c: 8d76 014b | 8934 080f | 8c33 0000 | 0044 8b4a | 344c 8bc2 

  0x000002c90f196e20: ;   {metadata(method data for {method} {0x000002c967ac2510} 'accept0' '(Lorg/eclipse/jdt/core/dom/ASTVisitor;)V' in 'org/eclipse/jdt/core/dom/MethodInvocation')}
  0x000002c90f196e20: 48be 7093 | c378 c902 | 0000 4883 | 86f8 0100 | 0001 4c8b | 4424 4048 | 8bf2 488b 

  0x000002c90f196e3c: ;   {optimized virtual_call}
  0x000002c90f196e3c: d666 90e8 

  0x000002c90f196e40: ; ImmutableOopMap {[56]=Oop [64]=Oop }
                      ;*invokevirtual acceptChildren {reexecute=0 rethrow=0 return_oop=0}
                      ; - org.eclipse.jdt.core.dom.MethodInvocation::accept0@36 (line 225)
  0x000002c90f196e40: e702 0000 

  0x000002c90f196e44: ;   {other}
  0x000002c90f196e44: 0f1f 8400 | b404 0002 | 488b 5424 

  0x000002c90f196e50: ;   {metadata(method data for {method} {0x000002c967ac2510} 'accept0' '(Lorg/eclipse/jdt/core/dom/ASTVisitor;)V' in 'org/eclipse/jdt/core/dom/MethodInvocation')}
  0x000002c90f196e50: 3848 be70 | 93c3 78c9 

  0x000002c90f196e58: ;   {metadata('org/eclipse/jdt/core/dom/MethodInvocation')}
  0x000002c90f196e58: 0200 0049 | ba80 2a6e | 22c9 0200 | 004c 8996 | 4002 0000 | 4883 8648 | 0200 0001 | 488b 5424 
  0x000002c90f196e78: 3866 0f1f 

  0x000002c90f196e7c: ;   {optimized virtual_call}
  0x000002c90f196e7c: 4400 00e8 

  0x000002c90f196e80: ; ImmutableOopMap {[56]=Oop [64]=Oop }
                      ;*invokevirtual getName {reexecute=0 rethrow=0 return_oop=0}
                      ; - org.eclipse.jdt.core.dom.MethodInvocation::accept0@42 (line 227)
  0x000002c90f196e80: 9cee fdff 

  0x000002c90f196e84: ;   {other}
  0x000002c90f196e84: 0f1f 8400 | f404 0003 | 488b 5424 

  0x000002c90f196e90: ;   {metadata(method data for {method} {0x000002c967ac2510} 'accept0' '(Lorg/eclipse/jdt/core/dom/ASTVisitor;)V' in 'org/eclipse/jdt/core/dom/MethodInvocation')}
  0x000002c90f196e90: 3849 b870 | 93c3 78c9 | 0200 0049 | 8380 6802 

  0x000002c90f196ea0: ;   {metadata(method data for {method} {0x000002c96599af18} 'acceptChild' '(Lorg/eclipse/jdt/core/dom/ASTVisitor;Lorg/eclipse/jdt/core/dom/ASTNode;)V' in 'org/eclipse/jdt/core/dom/ASTNode')}
  0x000002c90f196ea0: 0000 0149 | b898 f035 | 78c9 0200 | 0041 8b90 | cc00 0000 | 83c2 0241 | 8990 cc00 | 0000 81e2 
  0x000002c90f196ec0: feff 1f00 | 85d2 0f84 | b401 0000 

  0x000002c90f196ecc: ;   {metadata(method data for {method} {0x000002c96599af18} 'acceptChild' '(Lorg/eclipse/jdt/core/dom/ASTVisitor;Lorg/eclipse/jdt/core/dom/ASTNode;)V' in 'org/eclipse/jdt/core/dom/ASTNode')}
  0x000002c90f196ecc: 4885 c049 | b898 f035 | 78c9 0200 | 0048 c7c2 | 2001 0000 | 7407 48c7 | c210 0100 | 0049 8b34 
  0x000002c90f196eec: 1048 8d76 | 0149 8934 | 100f 8431 | 0000 0048 | 3b00 4c8b 

  0x000002c90f196f00: ;   {metadata(method data for {method} {0x000002c96599af18} 'acceptChild' '(Lorg/eclipse/jdt/core/dom/ASTVisitor;Lorg/eclipse/jdt/core/dom/ASTNode;)V' in 'org/eclipse/jdt/core/dom/ASTNode')}
  0x000002c90f196f00: c048 ba98 | f035 78c9 | 0200 0048 | 8382 3001 | 0000 014c | 8b44 2440 | 488b d00f 

  0x000002c90f196f1c: ;   {optimized virtual_call}
  0x000002c90f196f1c: 1f40 00e8 

  0x000002c90f196f20: ; ImmutableOopMap {[56]=Oop [64]=Oop }
                      ;*invokevirtual accept {reexecute=0 rethrow=0 return_oop=0}
                      ; - org.eclipse.jdt.core.dom.ASTNode::acceptChild@7 (line 3360)
                      ; - org.eclipse.jdt.core.dom.MethodInvocation::accept0@45 (line 227)
  0x000002c90f196f20: fc20 4800 

  0x000002c90f196f24: ;   {other}
  0x000002c90f196f24: 0f1f 8400 | 9405 0004 | 488b 5424 | 3844 8b4a | 3c4c 8bc2 

  0x000002c90f196f38: ;   {metadata(method data for {method} {0x000002c967ac2510} 'accept0' '(Lorg/eclipse/jdt/core/dom/ASTVisitor;)V' in 'org/eclipse/jdt/core/dom/MethodInvocation')}
  0x000002c90f196f38: 48be 7093 | c378 c902 | 0000 4883 | 86a0 0200 | 0001 4c8b | 4424 4048 | 8bf2 488b 

  0x000002c90f196f54: ;   {optimized virtual_call}
  0x000002c90f196f54: d666 90e8 

  0x000002c90f196f58: ; ImmutableOopMap {[56]=Oop [64]=Oop }
                      ;*invokevirtual acceptChildren {reexecute=0 rethrow=0 return_oop=0}
                      ; - org.eclipse.jdt.core.dom.MethodInvocation::accept0@54 (line 228)
  0x000002c90f196f58: cf01 0000 

  0x000002c90f196f5c: ;   {other}
  0x000002c90f196f5c: 0f1f 8400 | cc05 0005 | 488b 5424 | 404c 8b44 | 2438 488b 

  0x000002c90f196f70: ;   {metadata(method data for {method} {0x000002c967ac2510} 'accept0' '(Lorg/eclipse/jdt/core/dom/ASTVisitor;)V' in 'org/eclipse/jdt/core/dom/MethodInvocation')}
  0x000002c90f196f70: f248 bf70 | 93c3 78c9 | 0200 008b | 7608 49ba | 0000 0021 | c902 0000 | 4903 f248 | 3bb7 e802 
  0x000002c90f196f90: 0000 750d | 4883 87f0 | 0200 0001 | e960 0000 | 0048 3bb7 | f802 0000 | 750d 4883 | 8700 0300 
  0x000002c90f196fb0: 0001 e94a | 0000 0048 | 83bf e802 | 0000 0075 | 1748 89b7 | e802 0000 | 48c7 87f0 | 0200 0001 
  0x000002c90f196fd0: 0000 00e9 | 2900 0000 | 4883 bff8 | 0200 0000 | 7517 4889 | b7f8 0200 | 0048 c787 | 0003 0000 
  0x000002c90f196ff0: 0100 0000 | e908 0000 | 0048 8387 | d802 0000 | 010f 1f40 | 0048 b8ff | ffff ffff 

  0x000002c90f19700c: ;   {virtual_call}
  0x000002c90f19700c: ffff ffe8 

  0x000002c90f197010: ; ImmutableOopMap {}
                      ;*invokevirtual endVisit {reexecute=0 rethrow=0 return_oop=0}
                      ; - org.eclipse.jdt.core.dom.MethodInvocation::accept0@59 (line 230)
  0x000002c90f197010: bc57 6e05 

  0x000002c90f197014: ;   {other}
  0x000002c90f197014: 0f1f 8400 | 8406 0006 | 4883 c450 

  0x000002c90f197020: ;   {poll_return}
  0x000002c90f197020: 5d49 3ba7 | 4804 0000 | 0f87 7800 

  0x000002c90f19702c: ;   {metadata({method} {0x000002c967ac2510} 'accept0' '(Lorg/eclipse/jdt/core/dom/ASTVisitor;)V' in 'org/eclipse/jdt/core/dom/MethodInvocation')}
  0x000002c90f19702c: 0000 c349 | ba08 25ac | 67c9 0200 | 004c 8954 | 2408 48c7 | 0424 ffff 

  0x000002c90f197044: ;   {runtime_call counter_overflow Runtime1 stub}
  0x000002c90f197044: ffff e8b5 

  0x000002c90f197048: ; ImmutableOopMap {rdx=Oop r8=Oop [56]=Oop }
                      ;*synchronization entry
                      ; - org.eclipse.jdt.core.dom.MethodInvocation::accept0@-1 (line 220)
  0x000002c90f197048: dd67 05e9 | d7fb ffff 

  0x000002c90f197050: ;   {runtime_call throw_null_pointer_exception Runtime1 stub}
  0x000002c90f197050: e8ab 8567 

  0x000002c90f197054: ; ImmutableOopMap {rdx=Oop r8=Oop [56]=Oop }
                      ;*invokevirtual visit {reexecute=0 rethrow=0 return_oop=0}
                      ; - org.eclipse.jdt.core.dom.MethodInvocation::accept0@2 (line 220)
                      ;   {metadata({method} {0x000002c96599af18} 'acceptChild' '(Lorg/eclipse/jdt/core/dom/ASTVisitor;Lorg/eclipse/jdt/core/dom/ASTNode;)V' in 'org/eclipse/jdt/core/dom/ASTNode')}
  0x000002c90f197054: 0549 ba10 | af99 65c9 | 0200 004c | 8954 2408 | 48c7 0424 | ffff ffff 

  0x000002c90f19706c: ;   {runtime_call counter_overflow Runtime1 stub}
  0x000002c90f19706c: e88f dd67 

  0x000002c90f197070: ; ImmutableOopMap {rdx=Oop rsi=Oop [56]=Oop [64]=Oop }
                      ;*synchronization entry
                      ; - org.eclipse.jdt.core.dom.ASTNode::acceptChild@-1 (line 3357)
                      ; - org.eclipse.jdt.core.dom.MethodInvocation::accept0@16 (line 223)
  0x000002c90f197070: 05e9 08fd 

  0x000002c90f197074: ;   {runtime_call throw_null_pointer_exception Runtime1 stub}
  0x000002c90f197074: ffff e885 

  0x000002c90f197078: ; ImmutableOopMap {rsi=Oop [56]=Oop [64]=Oop }
                      ;*invokevirtual accept {reexecute=0 rethrow=0 return_oop=0}
                      ; - org.eclipse.jdt.core.dom.ASTNode::acceptChild@7 (line 3360)
                      ; - org.eclipse.jdt.core.dom.MethodInvocation::accept0@16 (line 223)
                      ;   {runtime_call throw_null_pointer_exception Runtime1 stub}
  0x000002c90f197078: 8567 05e8 

  0x000002c90f19707c: ; ImmutableOopMap {rdx=Oop [56]=Oop [64]=Oop }
                      ;*getfield apiLevel {reexecute=1 rethrow=0 return_oop=0}
                      ; - (reexecute) org.eclipse.jdt.core.dom.MethodInvocation::accept0@23 (line 224)
  0x000002c90f19707c: 8085 6705 

  0x000002c90f197080: ;   {metadata({method} {0x000002c96599af18} 'acceptChild' '(Lorg/eclipse/jdt/core/dom/ASTVisitor;Lorg/eclipse/jdt/core/dom/ASTNode;)V' in 'org/eclipse/jdt/core/dom/ASTNode')}
  0x000002c90f197080: 49ba 10af | 9965 c902 | 0000 4c89 | 5424 0848 | c704 24ff 

  0x000002c90f197094: ;   {runtime_call counter_overflow Runtime1 stub}
  0x000002c90f197094: ffff ffe8 

  0x000002c90f197098: ; ImmutableOopMap {rax=Oop [56]=Oop [64]=Oop }
                      ;*synchronization entry
                      ; - org.eclipse.jdt.core.dom.ASTNode::acceptChild@-1 (line 3357)
                      ; - org.eclipse.jdt.core.dom.MethodInvocation::accept0@45 (line 227)
  0x000002c90f197098: 64dd 6705 | e92b feff 

  0x000002c90f1970a0: ;   {runtime_call throw_null_pointer_exception Runtime1 stub}
  0x000002c90f1970a0: ffe8 5a85 

  0x000002c90f1970a4: ; ImmutableOopMap {rax=Oop [56]=Oop [64]=Oop }
                      ;*invokevirtual accept {reexecute=0 rethrow=0 return_oop=0}
                      ; - org.eclipse.jdt.core.dom.ASTNode::acceptChild@7 (line 3360)
                      ; - org.eclipse.jdt.core.dom.MethodInvocation::accept0@45 (line 227)
                      ;   {internal_word}
  0x000002c90f1970a4: 6705 49ba | 2170 190f | c902 0000 | 4d89 9760 

  0x000002c90f1970b4: ;   {runtime_call SafepointBlob}
  0x000002c90f1970b4: 0400 00e9 | 44da 5c05 | 498b 87f8 | 0400 0049 | c787 f804 | 0000 0000 | 0000 49c7 | 8700 0500 
  0x000002c90f1970d4: 0000 0000 | 0048 83c4 

  0x000002c90f1970dc: ;   {runtime_call unwind_exception Runtime1 stub}
  0x000002c90f1970dc: 505d e91d | 7367 05f4 | f4f4 f4f4 
[Stub Code]
  0x000002c90f1970e8: ;   {no_reloc}
  0x000002c90f1970e8: 0f1f 4400 

  0x000002c90f1970ec: ;   {static_stub}
  0x000002c90f1970ec: 0048 bb00 | 0000 0000 

  0x000002c90f1970f4: ;   {runtime_call nmethod}
  0x000002c90f1970f4: 0000 00e9 | fbff ffff 

  0x000002c90f1970fc: ;   {static_stub}
  0x000002c90f1970fc: 9048 bb00 | 0000 0000 

  0x000002c90f197104: ;   {runtime_call nmethod}
  0x000002c90f197104: 0000 00e9 | fbff ffff 

  0x000002c90f19710c: ;   {static_stub}
  0x000002c90f19710c: 9048 bb00 | 0000 0000 

  0x000002c90f197114: ;   {runtime_call nmethod}
  0x000002c90f197114: 0000 00e9 | fbff ffff 

  0x000002c90f19711c: ;   {static_stub}
  0x000002c90f19711c: 48bb a0ad | 9965 c902 

  0x000002c90f197124: ;   {runtime_call I2C/C2I adapters}
  0x000002c90f197124: 0000 e93c 

  0x000002c90f197128: ;   {static_stub}
  0x000002c90f197128: c65c 0548 | bb40 b099 | 65c9 0200 

  0x000002c90f197134: ;   {runtime_call I2C/C2I adapters}
  0x000002c90f197134: 00e9 313f 

  0x000002c90f197138: ;   {runtime_call handle_exception_from_callee Runtime1 stub}
  0x000002c90f197138: 5c05 e8c1 

  0x000002c90f19713c: ;   {external_word}
  0x000002c90f19713c: a967 0548 | b920 532f | 65fe 7f00 | 0048 83e4 

  0x000002c90f19714c: ;   {runtime_call}
  0x000002c90f19714c: f048 b890 | b7f1 64fe | 7f00 00ff 

  0x000002c90f197158: ;   {section_word}
  0x000002c90f197158: d0f4 49ba | 5a71 190f | c902 0000 

  0x000002c90f197164: ;   {runtime_call DeoptimizationBlob}
  0x000002c90f197164: 4152 e935 | cc5c 05f4 | f4f4 f4f4 
[/MachCode]


Compiled method (c1) 63765 15631       3       org.eclipse.jdt.ls.core.internal.BaseJDTLanguageServer$$Lambda/0x000002c92275c468::apply (16 bytes)
 total in heap  [0x000002c90f2b6810,0x000002c90f2b7198] = 2440
 relocation     [0x000002c90f2b6970,0x000002c90f2b69f0] = 128
 main code      [0x000002c90f2b6a00,0x000002c90f2b6f78] = 1400
 stub code      [0x000002c90f2b6f78,0x000002c90f2b6fc0] = 72
 oops           [0x000002c90f2b6fc0,0x000002c90f2b6fd8] = 24
 metadata       [0x000002c90f2b6fd8,0x000002c90f2b7010] = 56
 scopes data    [0x000002c90f2b7010,0x000002c90f2b7098] = 136
 scopes pcs     [0x000002c90f2b7098,0x000002c90f2b7168] = 208
 dependencies   [0x000002c90f2b7168,0x000002c90f2b7180] = 24
 nul chk table  [0x000002c90f2b7180,0x000002c90f2b7198] = 24

[Constant Pool (empty)]

[MachCode]
[Entry Point]
  # {method} {0x000002c967e79438} 'apply' '(Ljava/lang/Object;)Ljava/lang/Object;' in 'org/eclipse/jdt/ls/core/internal/BaseJDTLanguageServer$$Lambda+0x000002c92275c468'
  # this:     rdx:rdx   = 'org/eclipse/jdt/ls/core/internal/BaseJDTLanguageServer$$Lambda+0x000002c92275c468'
  # parm0:    r8:r8     = 'java/lang/Object'
  #           [sp+0xb0]  (sp of caller)
  0x000002c90f2b6a00: 448b 5208 | 49bb 0000 | 0021 c902 | 0000 4d03 | d34c 3bd0 

  0x000002c90f2b6a14: ;   {runtime_call ic_miss_stub}
  0x000002c90f2b6a14: 0f85 667a | 4a05 660f | 1f44 0000 
[Verified Entry Point]
  0x000002c90f2b6a20: 8984 2400 | 80ff ff55 | 4881 eca0 | 0000 0090 | 4181 7f20 | 0500 0000 

  0x000002c90f2b6a38: ;   {runtime_call StubRoutines (final stubs)}
  0x000002c90f2b6a38: 7405 e8a1 

  0x000002c90f2b6a3c: ;   {metadata(method data for {method} {0x000002c967e79438} 'apply' '(Ljava/lang/Object;)Ljava/lang/Object;' in 'org/eclipse/jdt/ls/core/internal/BaseJDTLanguageServer$$Lambda+0x000002c92275c468')}
  0x000002c90f2b6a3c: 1f49 0548 | be00 d0c8 | 78c9 0200 | 008b becc | 0000 0083 | c702 89be | cc00 0000 | 81e7 fe07 
  0x000002c90f2b6a5c: 0000 85ff | 0f84 ec03 | 0000 8b72 | 0c8b 5a10 | 4d85 c075 

  0x000002c90f2b6a70: ;   {metadata(method data for {method} {0x000002c967e79438} 'apply' '(Ljava/lang/Object;)Ljava/lang/Object;' in 'org/eclipse/jdt/ls/core/internal/BaseJDTLanguageServer$$Lambda+0x000002c92275c468')}
  0x000002c90f2b6a70: 1648 bf00 | d0c8 78c9 | 0200 0080 | 8f09 0100 | 0001 e9e9 

  0x000002c90f2b6a84: ;   {metadata('org/eclipse/lsp4j/jsonrpc/CancelChecker')}
  0x000002c90f2b6a84: 0000 0048 | b800 a243 | 22c9 0200 | 0041 8b78 | 0849 ba00 | 0000 21c9 | 0200 0049 | 03fa 483b 
  0x000002c90f2b6aa4: 4720 0f84 | 1a00 0000 | 483b f80f | 8411 0000 

  0x000002c90f2b6ab4: ;   {runtime_call slow_subtype_check Runtime1 stub}
  0x000002c90f2b6ab4: 0057 50e8 | 44bc 5505 | 5f5f 85ff | 0f84 8e00 

  0x000002c90f2b6ac4: ;   {metadata(method data for {method} {0x000002c967e79438} 'apply' '(Ljava/lang/Object;)Ljava/lang/Object;' in 'org/eclipse/jdt/ls/core/internal/BaseJDTLanguageServer$$Lambda+0x000002c92275c468')}
  0x000002c90f2b6ac4: 0000 48bf | 00d0 c878 | c902 0000 | 418b 4008 | 49ba 0000 | 0021 c902 | 0000 4903 | c248 3b87 
  0x000002c90f2b6ae4: 2001 0000 | 750d 4883 | 8728 0100 | 0001 e979 | 0000 0048 | 3b87 3001 | 0000 750d | 4883 8738 
  0x000002c90f2b6b04: 0100 0001 | e963 0000 | 0048 83bf | 2001 0000 | 0075 1748 | 8987 2001 | 0000 48c7 | 8728 0100 
  0x000002c90f2b6b24: 0001 0000 | 00e9 4200 | 0000 4883 | bf30 0100 | 0000 7517 | 4889 8730 | 0100 0048 | c787 3801 
  0x000002c90f2b6b44: 0000 0100 | 0000 e921 | 0000 00e9 | 1c00 0000 

  0x000002c90f2b6b54: ;   {metadata(method data for {method} {0x000002c967e79438} 'apply' '(Ljava/lang/Object;)Ljava/lang/Object;' in 'org/eclipse/jdt/ls/core/internal/BaseJDTLanguageServer$$Lambda+0x000002c92275c468')}
  0x000002c90f2b6b54: 48bf 00d0 | c878 c902 | 0000 4883 | af10 0100 | 0001 e908 | 0300 00e9 | 0000 0000 

  0x000002c90f2b6b70: ; implicit exception: dispatches to 0x000002c90f2b6e7c
  0x000002c90f2b6b70: 483b 0648 

  0x000002c90f2b6b74: ;   {metadata(method data for {method} {0x000002c967e79438} 'apply' '(Ljava/lang/Object;)Ljava/lang/Object;' in 'org/eclipse/jdt/ls/core/internal/BaseJDTLanguageServer$$Lambda+0x000002c92275c468')}
  0x000002c90f2b6b74: 8bd6 48bf | 00d0 c878 | c902 0000 | 4883 8748 | 0100 0001 

  0x000002c90f2b6b88: ;   {metadata(method data for {method} {0x000002c9655ab708} 'lambda$0' '(Ljava/util/function/Function;Lorg/eclipse/lsp4j/jsonrpc/CancelChecker;)Ljava/lang/Object;' in 'org/eclipse/jdt/ls/core/internal/BaseJDTLanguageServer')}
  0x000002c90f2b6b88: 48ba c8d1 | c878 c902 | 0000 8bba | cc00 0000 | 83c7 0289 | bacc 0000 | 0081 e7fe | ff1f 0085 
  0x000002c90f2b6ba8: ff0f 84d2 

  0x000002c90f2b6bac: ;   {metadata(method data for {method} {0x000002c9655ab708} 'lambda$0' '(Ljava/util/function/Function;Lorg/eclipse/lsp4j/jsonrpc/CancelChecker;)Ljava/lang/Object;' in 'org/eclipse/jdt/ls/core/internal/BaseJDTLanguageServer')}
  0x000002c90f2b6bac: 0200 0048 | bac8 d1c8 | 78c9 0200 | 008b 7608 | 49ba 0000 | 0021 c902 | 0000 4903 | f248 3bb2 
  0x000002c90f2b6bcc: 2001 0000 | 750d 4883 | 8228 0100 | 0001 e960 | 0000 0048 | 3bb2 3001 | 0000 750d | 4883 8238 
  0x000002c90f2b6bec: 0100 0001 | e94a 0000 | 0048 83ba | 2001 0000 | 0075 1748 | 89b2 2001 | 0000 48c7 | 8228 0100 
  0x000002c90f2b6c0c: 0001 0000 | 00e9 2900 | 0000 4883 | ba30 0100 | 0000 7517 | 4889 b230 | 0100 0048 | c782 3801 
  0x000002c90f2b6c2c: 0000 0100 | 0000 e908 | 0000 0048 | 8382 1001 

  0x000002c90f2b6c3c: ;   {metadata(method data for {method} {0x000002c9655ab648} 'toMonitor' '(Lorg/eclipse/lsp4j/jsonrpc/CancelChecker;)Lorg/eclipse/core/runtime/IProgressMonitor;' in 'org/eclipse/jdt/ls/core/internal/BaseJDTLanguageServer')}
  0x000002c90f2b6c3c: 0000 0148 | bab8 feb8 | 78c9 0200 | 008b b2cc | 0000 0083 | c602 89b2 | cc00 0000 | 81e6 feff 
  0x000002c90f2b6c5c: 1f00 85f6 | 0f84 3c02 

  0x000002c90f2b6c64: ;   {metadata('org/eclipse/jdt/ls/core/internal/CancellableProgressMonitor')}
  0x000002c90f2b6c64: 0000 48ba | 0040 5522 | c902 0000 | 498b 87b8 | 0100 0048 | 8d78 1849 | 3bbf c801 | 0000 0f87 
  0x000002c90f2b6c84: 3b02 0000 | 4989 bfb8 | 0100 0048 | c700 0100 | 0000 488b | ca49 ba00 | 0000 21c9 | 0200 0049 
  0x000002c90f2b6ca4: 2bca 8948 | 0848 33c9 | 8948 0c48 | 33c9 4889 | 4810 488b 

  0x000002c90f2b6cb8: ;   {metadata(method data for {method} {0x000002c9655ab648} 'toMonitor' '(Lorg/eclipse/lsp4j/jsonrpc/CancelChecker;)Lorg/eclipse/core/runtime/IProgressMonitor;' in 'org/eclipse/jdt/ls/core/internal/BaseJDTLanguageServer')}
  0x000002c90f2b6cb8: d048 beb8 | feb8 78c9 | 0200 0048 | 8386 1001 

  0x000002c90f2b6cc8: ;   {metadata(method data for {method} {0x000002c966ce7fa0} '<init>' '(Lorg/eclipse/lsp4j/jsonrpc/CancelChecker;)V' in 'org/eclipse/jdt/ls/core/internal/CancellableProgressMonitor')}
  0x000002c90f2b6cc8: 0000 0148 | ba80 afb3 | 78c9 0200 | 008b b2cc | 0000 0083 | c602 89b2 | cc00 0000 | 81e6 feff 
  0x000002c90f2b6ce8: 1f00 85f6 | 0f84 de01 | 0000 488b 

  0x000002c90f2b6cf4: ;   {metadata(method data for {method} {0x000002c966ce7fa0} '<init>' '(Lorg/eclipse/lsp4j/jsonrpc/CancelChecker;)V' in 'org/eclipse/jdt/ls/core/internal/CancellableProgressMonitor')}
  0x000002c90f2b6cf4: d048 be80 | afb3 78c9 | 0200 0048 | 8386 1001 

  0x000002c90f2b6d04: ;   {metadata(method data for {method} {0x000002c964f3ff38} '<init>' '()V' in 'org/eclipse/core/runtime/NullProgressMonitor')}
  0x000002c90f2b6d04: 0000 0148 | bac0 44a1 | 65c9 0200 | 008b b2cc | 0000 0083 | c602 89b2 | cc00 0000 | 81e6 feff 
  0x000002c90f2b6d24: 1f00 85f6 | 0f84 c301 | 0000 488b 

  0x000002c90f2b6d30: ;   {metadata(method data for {method} {0x000002c964f3ff38} '<init>' '()V' in 'org/eclipse/core/runtime/NullProgressMonitor')}
  0x000002c90f2b6d30: d048 bec0 | 44a1 65c9 | 0200 0048 | 8386 1001 

  0x000002c90f2b6d40: ;   {metadata(method data for {method} {0x000002c921476568} '<init>' '()V' in 'java/lang/Object')}
  0x000002c90f2b6d40: 0000 0148 | ba60 6700 | 64c9 0200 | 008b b2cc | 0000 0083 | c602 89b2 | cc00 0000 | 81e6 feff 
  0x000002c90f2b6d60: 1f00 85f6 | 0f84 a801 | 0000 4d8b | d044 8950 | 104c 8d00 | 49c1 e809 | 48ba 0000 | 5809 c902 
  0x000002c90f2b6d80: 0000 41c6 | 0410 0048 | 3b03 4c8b 

  0x000002c90f2b6d8c: ;   {metadata(method data for {method} {0x000002c9655ab708} 'lambda$0' '(Ljava/util/function/Function;Lorg/eclipse/lsp4j/jsonrpc/CancelChecker;)Ljava/lang/Object;' in 'org/eclipse/jdt/ls/core/internal/BaseJDTLanguageServer')}
  0x000002c90f2b6d8c: c348 bac8 | d1c8 78c9 | 0200 0045 | 8b40 0849 | ba00 0000 | 21c9 0200 | 004d 03c2 | 4c3b 8258 
  0x000002c90f2b6dac: 0100 0075 | 0d48 8382 | 6001 0000 | 01e9 6000 | 0000 4c3b | 8268 0100 | 0075 0d48 | 8382 7001 
  0x000002c90f2b6dcc: 0000 01e9 | 4a00 0000 | 4883 ba58 | 0100 0000 | 7517 4c89 | 8258 0100 | 0048 c782 | 6001 0000 
  0x000002c90f2b6dec: 0100 0000 | e929 0000 | 0048 83ba | 6801 0000 | 0075 174c | 8982 6801 | 0000 48c7 | 8270 0100 
  0x000002c90f2b6e0c: 0001 0000 | 00e9 0800 | 0000 4883 | 8248 0100 | 0001 4c8b | c048 8bd3 | 9048 b8d0 | 3af6 6ac9 
  0x000002c90f2b6e2c: ;   {virtual_call}
  0x000002c90f2b6e2c: 0200 00e8 

  0x000002c90f2b6e30: ; ImmutableOopMap {}
                      ;*invokeinterface apply {reexecute=0 rethrow=0 return_oop=0}
                      ; - org.eclipse.jdt.ls.core.internal.BaseJDTLanguageServer::lambda$0@6 (line 87)
                      ; - org.eclipse.jdt.ls.core.internal.BaseJDTLanguageServer$$Lambda/0x000002c92275c468::apply@12
  0x000002c90f2b6e30: 5cfd 5505 

  0x000002c90f2b6e34: ;   {other}
  0x000002c90f2b6e34: 0f1f 8400 | 2406 0000 | 4881 c4a0 | 0000 005d 

  0x000002c90f2b6e44: ;   {poll_return}
  0x000002c90f2b6e44: 493b a748 | 0400 000f | 87e7 0000 

  0x000002c90f2b6e50: ;   {metadata({method} {0x000002c967e79438} 'apply' '(Ljava/lang/Object;)Ljava/lang/Object;' in 'org/eclipse/jdt/ls/core/internal/BaseJDTLanguageServer$$Lambda+0x000002c92275c468')}
  0x000002c90f2b6e50: 00c3 49ba | 3094 e767 | c902 0000 | 4c89 5424 | 0848 c704 | 24ff ffff 

  0x000002c90f2b6e68: ;   {runtime_call counter_overflow Runtime1 stub}
  0x000002c90f2b6e68: ffe8 92df 

  0x000002c90f2b6e6c: ; ImmutableOopMap {rdx=Oop r8=Oop }
                      ;*synchronization entry
                      ; - org.eclipse.jdt.ls.core.internal.BaseJDTLanguageServer$$Lambda/0x000002c92275c468::apply@-1
  0x000002c90f2b6e6c: 5505 e9f3 | fbff ff4c 

  0x000002c90f2b6e74: ;   {runtime_call throw_class_cast_exception Runtime1 stub}
  0x000002c90f2b6e74: 8904 24e8 

  0x000002c90f2b6e78: ; ImmutableOopMap {rsi=Oop rbx=Oop }
                      ;*checkcast {reexecute=0 rethrow=0 return_oop=0}
                      ; - org.eclipse.jdt.ls.core.internal.BaseJDTLanguageServer$$Lambda/0x000002c92275c468::apply@9
  0x000002c90f2b6e78: 84b2 5505 

  0x000002c90f2b6e7c: ;   {runtime_call throw_null_pointer_exception Runtime1 stub}
  0x000002c90f2b6e7c: e87f 8755 

  0x000002c90f2b6e80: ; ImmutableOopMap {rsi=Oop rbx=Oop r8=Oop }
                      ;*invokevirtual lambda$0 {reexecute=0 rethrow=0 return_oop=0}
                      ; - org.eclipse.jdt.ls.core.internal.BaseJDTLanguageServer$$Lambda/0x000002c92275c468::apply@12
                      ;   {metadata({method} {0x000002c9655ab708} 'lambda$0' '(Ljava/util/function/Function;Lorg/eclipse/lsp4j/jsonrpc/CancelChecker;)Ljava/lang/Object;' in 'org/eclipse/jdt/ls/core/internal/BaseJDTLanguageServer')}
  0x000002c90f2b6e80: 0549 ba00 | b75a 65c9 | 0200 004c | 8954 2408 | 48c7 0424 | ffff ffff 

  0x000002c90f2b6e98: ;   {runtime_call counter_overflow Runtime1 stub}
  0x000002c90f2b6e98: e863 df55 

  0x000002c90f2b6e9c: ; ImmutableOopMap {rsi=Oop rbx=Oop r8=Oop }
                      ;*synchronization entry
                      ; - org.eclipse.jdt.ls.core.internal.BaseJDTLanguageServer::lambda$0@-1 (line 87)
                      ; - org.eclipse.jdt.ls.core.internal.BaseJDTLanguageServer$$Lambda/0x000002c92275c468::apply@12
  0x000002c90f2b6e9c: 05e9 0dfd 

  0x000002c90f2b6ea0: ;   {metadata({method} {0x000002c9655ab648} 'toMonitor' '(Lorg/eclipse/lsp4j/jsonrpc/CancelChecker;)Lorg/eclipse/core/runtime/IProgressMonitor;' in 'org/eclipse/jdt/ls/core/internal/BaseJDTLanguageServer')}
  0x000002c90f2b6ea0: ffff 49ba | 40b6 5a65 | c902 0000 | 4c89 5424 | 0848 c704 | 24ff ffff 

  0x000002c90f2b6eb8: ;   {runtime_call counter_overflow Runtime1 stub}
  0x000002c90f2b6eb8: ffe8 42df 

  0x000002c90f2b6ebc: ; ImmutableOopMap {rbx=Oop r8=Oop }
                      ;*synchronization entry
                      ; - org.eclipse.jdt.ls.core.internal.BaseJDTLanguageServer::toMonitor@-1 (line 91)
                      ; - org.eclipse.jdt.ls.core.internal.BaseJDTLanguageServer::lambda$0@3 (line 87)
                      ; - org.eclipse.jdt.ls.core.internal.BaseJDTLanguageServer$$Lambda/0x000002c92275c468::apply@12
  0x000002c90f2b6ebc: 5505 e9a3 | fdff ff48 

  0x000002c90f2b6ec4: ;   {runtime_call fast_new_instance Runtime1 stub}
  0x000002c90f2b6ec4: 8bd2 e835 

  0x000002c90f2b6ec8: ; ImmutableOopMap {rbx=Oop r8=Oop }
                      ;*new {reexecute=0 rethrow=0 return_oop=0}
                      ; - org.eclipse.jdt.ls.core.internal.BaseJDTLanguageServer::toMonitor@0 (line 91)
                      ; - org.eclipse.jdt.ls.core.internal.BaseJDTLanguageServer::lambda$0@3 (line 87)
                      ; - org.eclipse.jdt.ls.core.internal.BaseJDTLanguageServer$$Lambda/0x000002c92275c468::apply@12
  0x000002c90f2b6ec8: 9755 05e9 | e6fd ffff 

  0x000002c90f2b6ed0: ;   {metadata({method} {0x000002c966ce7fa0} '<init>' '(Lorg/eclipse/lsp4j/jsonrpc/CancelChecker;)V' in 'org/eclipse/jdt/ls/core/internal/CancellableProgressMonitor')}
  0x000002c90f2b6ed0: 49ba 987f | ce66 c902 | 0000 4c89 | 5424 0848 | c704 24ff 

  0x000002c90f2b6ee4: ;   {runtime_call counter_overflow Runtime1 stub}
  0x000002c90f2b6ee4: ffff ffe8 

  0x000002c90f2b6ee8: ; ImmutableOopMap {rbx=Oop r8=Oop rax=Oop }
                      ;*synchronization entry
                      ; - org.eclipse.jdt.ls.core.internal.CancellableProgressMonitor::<init>@-1 (line 32)
                      ; - org.eclipse.jdt.ls.core.internal.BaseJDTLanguageServer::toMonitor@5 (line 91)
                      ; - org.eclipse.jdt.ls.core.internal.BaseJDTLanguageServer::lambda$0@3 (line 87)
                      ; - org.eclipse.jdt.ls.core.internal.BaseJDTLanguageServer$$Lambda/0x000002c92275c468::apply@12
  0x000002c90f2b6ee8: 14df 5505 | e901 feff 

  0x000002c90f2b6ef0: ;   {metadata({method} {0x000002c964f3ff38} '<init>' '()V' in 'org/eclipse/core/runtime/NullProgressMonitor')}
  0x000002c90f2b6ef0: ff49 ba30 | fff3 64c9 | 0200 004c | 8954 2408 | 48c7 0424 | ffff ffff 

  0x000002c90f2b6f08: ;   {runtime_call counter_overflow Runtime1 stub}
  0x000002c90f2b6f08: e8f3 de55 

  0x000002c90f2b6f0c: ; ImmutableOopMap {rbx=Oop r8=Oop rax=Oop }
                      ;*synchronization entry
                      ; - org.eclipse.core.runtime.NullProgressMonitor::<init>@-1 (line 37)
                      ; - org.eclipse.jdt.ls.core.internal.CancellableProgressMonitor::<init>@1 (line 32)
                      ; - org.eclipse.jdt.ls.core.internal.BaseJDTLanguageServer::toMonitor@5 (line 91)
                      ; - org.eclipse.jdt.ls.core.internal.BaseJDTLanguageServer::lambda$0@3 (line 87)
                      ; - org.eclipse.jdt.ls.core.internal.BaseJDTLanguageServer$$Lambda/0x000002c92275c468::apply@12
  0x000002c90f2b6f0c: 05e9 1cfe 

  0x000002c90f2b6f10: ;   {metadata({method} {0x000002c921476568} '<init>' '()V' in 'java/lang/Object')}
  0x000002c90f2b6f10: ffff 49ba | 6065 4721 | c902 0000 | 4c89 5424 | 0848 c704 | 24ff ffff 

  0x000002c90f2b6f28: ;   {runtime_call counter_overflow Runtime1 stub}
  0x000002c90f2b6f28: ffe8 d2de 

  0x000002c90f2b6f2c: ; ImmutableOopMap {rbx=Oop r8=Oop rax=Oop }
                      ;*synchronization entry
                      ; - java.lang.Object::<init>@-1
                      ; - org.eclipse.core.runtime.NullProgressMonitor::<init>@1 (line 37)
                      ; - org.eclipse.jdt.ls.core.internal.CancellableProgressMonitor::<init>@1 (line 32)
                      ; - org.eclipse.jdt.ls.core.internal.BaseJDTLanguageServer::toMonitor@5 (line 91)
                      ; - org.eclipse.jdt.ls.core.internal.BaseJDTLanguageServer::lambda$0@3 (line 87)
                      ; - org.eclipse.jdt.ls.core.internal.BaseJDTLanguageServer$$Lambda/0x000002c92275c468::apply@12
  0x000002c90f2b6f2c: 5505 e937 

  0x000002c90f2b6f30: ;   {runtime_call throw_null_pointer_exception Runtime1 stub}
  0x000002c90f2b6f30: feff ffe8 

  0x000002c90f2b6f34: ; ImmutableOopMap {rbx=Oop rax=Oop }
                      ;*invokeinterface apply {reexecute=0 rethrow=0 return_oop=0}
                      ; - org.eclipse.jdt.ls.core.internal.BaseJDTLanguageServer::lambda$0@6 (line 87)
                      ; - org.eclipse.jdt.ls.core.internal.BaseJDTLanguageServer$$Lambda/0x000002c92275c468::apply@12
  0x000002c90f2b6f34: c886 5505 

  0x000002c90f2b6f38: ;   {internal_word}
  0x000002c90f2b6f38: 49ba 446e | 2b0f c902 | 0000 4d89 | 9760 0400 

  0x000002c90f2b6f48: ;   {runtime_call SafepointBlob}
  0x000002c90f2b6f48: 00e9 b2db | 4a05 498b | 87f8 0400 | 0049 c787 | f804 0000 | 0000 0000 | 49c7 8700 | 0500 0000 
  0x000002c90f2b6f68: 0000 0048 | 81c4 a000 

  0x000002c90f2b6f70: ;   {runtime_call unwind_exception Runtime1 stub}
  0x000002c90f2b6f70: 0000 5de9 | 8874 5505 
[Stub Code]
  0x000002c90f2b6f78: ;   {no_reloc}
  0x000002c90f2b6f78: 0f1f 4400 

  0x000002c90f2b6f7c: ;   {static_stub}
  0x000002c90f2b6f7c: 0048 bb00 | 0000 0000 

  0x000002c90f2b6f84: ;   {runtime_call nmethod}
  0x000002c90f2b6f84: 0000 00e9 | fbff ffff 
[Exception Handler]
  0x000002c90f2b6f8c: ;   {runtime_call handle_exception_from_callee Runtime1 stub}
  0x000002c90f2b6f8c: e86f ab55 

  0x000002c90f2b6f90: ;   {external_word}
  0x000002c90f2b6f90: 0548 b920 | 532f 65fe | 7f00 0048 

  0x000002c90f2b6f9c: ;   {runtime_call}
  0x000002c90f2b6f9c: 83e4 f048 | b890 b7f1 | 64fe 7f00 | 00ff d0f4 
[Deopt Handler Code]
  0x000002c90f2b6fac: ;   {section_word}
  0x000002c90f2b6fac: 49ba ac6f | 2b0f c902 | 0000 4152 

  0x000002c90f2b6fb8: ;   {runtime_call DeoptimizationBlob}
  0x000002c90f2b6fb8: e9e3 cd4a | 05f4 f4f4 
[/MachCode]


---------------  P R O C E S S  ---------------

Threads class SMR info:
_java_thread_list=0x000002c976117690, length=83, elements={
0x000002c907af8860, 0x000002c962dfa390, 0x000002c962dfaf40, 0x000002c962dffeb0,
0x000002c962e00c90, 0x000002c962e053f0, 0x000002c962e05e40, 0x000002c962e0b4e0,
0x000002c962e16620, 0x000002c963049d50, 0x000002c96316b770, 0x000002c968514c30,
0x000002c968a51f10, 0x000002c9689b5d00, 0x000002c9689b6730, 0x000002c968cf6930,
0x000002c968d80df0, 0x000002c968c20da0, 0x000002c9691202c0, 0x000002c969082240,
0x000002c969082f60, 0x000002c9690835f0, 0x000002c969081bb0, 0x000002c969085030,
0x000002c9690828d0, 0x000002c96a151d90, 0x000002c96a1509e0, 0x000002c96a14fcc0,
0x000002c96a150350, 0x000002c96a151070, 0x000002c96a151700, 0x000002c96a14f630,
0x000002c96a152420, 0x000002c96a14efa0, 0x000002c969bd97c0, 0x000002c969bda4e0,
0x000002c969bd9e50, 0x000002c969bd7060, 0x000002c969bd76f0, 0x000002c969bdab70,
0x000002c969bdb200, 0x000002c969bd9130, 0x000002c969bd7d80, 0x000002c969bdb890,
0x000002c969bd8410, 0x000002c969bd8aa0, 0x000002c969bdd960, 0x000002c969bde680,
0x000002c969bdbf20, 0x000002c969bdc5b0, 0x000002c969bdcc40, 0x000002c969bddff0,
0x000002c96b162fe0, 0x000002c96b163d00, 0x000002c96b1650b0, 0x000002c96b165dd0,
0x000002c96b165740, 0x000002c96b164a20, 0x000002c96b162950, 0x000002c96b166af0,
0x000002c96b168530, 0x000002c96b167180, 0x000002c96b169250, 0x000002c96b167810,
0x000002c96b168bc0, 0x000002c96b1698e0, 0x000002c96b167ea0, 0x000002c96b166460,
0x000002c96b169f70, 0x000002c969bdd2d0, 0x000002c96ba91d10, 0x000002c96ba8f5b0,
0x000002c96ba8fc40, 0x000002c96ba930c0, 0x000002c96ba93750, 0x000002c96ba90960,
0x000002c96ba91680, 0x000002c96ba923a0, 0x000002c96ba92a30, 0x000002c96ba902d0,
0x000002c96ba96540, 0x000002c96ba96bd0, 0x000002c96ba94b00
}

Java Threads: ( => current thread )
  0x000002c907af8860 JavaThread "main"                              [_thread_blocked, id=15388, stack(0x000000ff31700000,0x000000ff31800000) (1024K)]
  0x000002c962dfa390 JavaThread "Reference Handler"          daemon [_thread_blocked, id=22156, stack(0x000000ff31b00000,0x000000ff31c00000) (1024K)]
  0x000002c962dfaf40 JavaThread "Finalizer"                  daemon [_thread_blocked, id=37712, stack(0x000000ff31c00000,0x000000ff31d00000) (1024K)]
  0x000002c962dffeb0 JavaThread "Signal Dispatcher"          daemon [_thread_blocked, id=25340, stack(0x000000ff31d00000,0x000000ff31e00000) (1024K)]
  0x000002c962e00c90 JavaThread "Attach Listener"            daemon [_thread_blocked, id=37196, stack(0x000000ff31e00000,0x000000ff31f00000) (1024K)]
  0x000002c962e053f0 JavaThread "Service Thread"             daemon [_thread_blocked, id=21696, stack(0x000000ff31f00000,0x000000ff32000000) (1024K)]
  0x000002c962e05e40 JavaThread "Monitor Deflation Thread"   daemon [_thread_blocked, id=5988, stack(0x000000ff32000000,0x000000ff32100000) (1024K)]
  0x000002c962e0b4e0 JavaThread "C2 CompilerThread0"         daemon [_thread_in_native, id=12752, stack(0x000000ff32100000,0x000000ff32200000) (1024K)]
  0x000002c962e16620 JavaThread "C1 CompilerThread0"         daemon [_thread_blocked, id=32172, stack(0x000000ff32200000,0x000000ff32300000) (1024K)]
  0x000002c963049d50 JavaThread "Common-Cleaner"             daemon [_thread_blocked, id=34728, stack(0x000000ff32400000,0x000000ff32500000) (1024K)]
  0x000002c96316b770 JavaThread "Notification Thread"        daemon [_thread_blocked, id=6872, stack(0x000000ff32500000,0x000000ff32600000) (1024K)]
  0x000002c968514c30 JavaThread "Active Thread: Equinox Container: 6b809aa6-328b-4c65-8039-cdaefba56aaa"        [_thread_blocked, id=37164, stack(0x000000ff32d00000,0x000000ff32e00000) (1024K)]
  0x000002c968a51f10 JavaThread "Refresh Thread: Equinox Container: 6b809aa6-328b-4c65-8039-cdaefba56aaa" daemon [_thread_blocked, id=35612, stack(0x000000ff32e00000,0x000000ff32f00000) (1024K)]
  0x000002c9689b5d00 JavaThread "Framework Event Dispatcher: Equinox Container: 6b809aa6-328b-4c65-8039-cdaefba56aaa" daemon [_thread_blocked, id=34620, stack(0x000000ff33000000,0x000000ff33100000) (1024K)]
  0x000002c9689b6730 JavaThread "Start Level: Equinox Container: 6b809aa6-328b-4c65-8039-cdaefba56aaa" daemon [_thread_blocked, id=6788, stack(0x000000ff33100000,0x000000ff33200000) (1024K)]
  0x000002c968cf6930 JavaThread "Bundle File Closer"         daemon [_thread_blocked, id=32016, stack(0x000000ff33400000,0x000000ff33500000) (1024K)]
  0x000002c968d80df0 JavaThread "SCR Component Actor"        daemon [_thread_blocked, id=2076, stack(0x000000ff33500000,0x000000ff33600000) (1024K)]
  0x000002c968c20da0 JavaThread "Worker-JM"                         [_thread_blocked, id=29244, stack(0x000000ff33600000,0x000000ff33700000) (1024K)]
  0x000002c9691202c0 JavaThread "JNA Cleaner"                daemon [_thread_blocked, id=10836, stack(0x000000ff32600000,0x000000ff32700000) (1024K)]
  0x000002c969082240 JavaThread "Worker-0: Building"                [_thread_blocked, id=22628, stack(0x000000ff33700000,0x000000ff33800000) (1024K)]
  0x000002c969082f60 JavaThread "Worker-1"                          [_thread_blocked, id=5344, stack(0x000000ff33800000,0x000000ff33900000) (1024K)]
  0x000002c9690835f0 JavaThread "Worker-2"                          [_thread_blocked, id=37044, stack(0x000000ff33900000,0x000000ff33a00000) (1024K)]
  0x000002c969081bb0 JavaThread "Java indexing"              daemon [_thread_in_native, id=3216, stack(0x000000ff33a00000,0x000000ff33b00000) (1024K)]
  0x000002c969085030 JavaThread "Worker-3"                          [_thread_blocked, id=34472, stack(0x000000ff33b00000,0x000000ff33c00000) (1024K)]
  0x000002c9690828d0 JavaThread "Worker-4"                          [_thread_blocked, id=35052, stack(0x000000ff33c00000,0x000000ff33d00000) (1024K)]
  0x000002c96a151d90 JavaThread "Worker-5"                          [_thread_blocked, id=38604, stack(0x000000ff33f00000,0x000000ff34000000) (1024K)]
  0x000002c96a1509e0 JavaThread "Thread-1"                   daemon [_thread_in_native, id=40428, stack(0x000000ff34000000,0x000000ff34100000) (1024K)]
  0x000002c96a14fcc0 JavaThread "Thread-2"                   daemon [_thread_in_native, id=3588, stack(0x000000ff34100000,0x000000ff34200000) (1024K)]
  0x000002c96a150350 JavaThread "Thread-3"                   daemon [_thread_in_native, id=24056, stack(0x000000ff34200000,0x000000ff34300000) (1024K)]
  0x000002c96a151070 JavaThread "Thread-4"                   daemon [_thread_in_native, id=17232, stack(0x000000ff34300000,0x000000ff34400000) (1024K)]
  0x000002c96a151700 JavaThread "Thread-5"                   daemon [_thread_in_native, id=13520, stack(0x000000ff34400000,0x000000ff34500000) (1024K)]
  0x000002c96a14f630 JavaThread "Thread-6"                   daemon [_thread_in_native, id=31512, stack(0x000000ff34500000,0x000000ff34600000) (1024K)]
  0x000002c96a152420 JavaThread "Thread-7"                   daemon [_thread_in_native, id=31488, stack(0x000000ff34600000,0x000000ff34700000) (1024K)]
  0x000002c96a14efa0 JavaThread "Thread-8"                   daemon [_thread_in_native, id=27360, stack(0x000000ff34700000,0x000000ff34800000) (1024K)]
  0x000002c969bd97c0 JavaThread "Thread-9"                   daemon [_thread_blocked, id=39104, stack(0x000000ff34800000,0x000000ff34900000) (1024K)]
  0x000002c969bda4e0 JavaThread "Thread-10"                  daemon [_thread_in_native, id=39708, stack(0x000000ff34900000,0x000000ff34a00000) (1024K)]
  0x000002c969bd9e50 JavaThread "Thread-11"                  daemon [_thread_in_native, id=39868, stack(0x000000ff34a00000,0x000000ff34b00000) (1024K)]
  0x000002c969bd7060 JavaThread "Thread-12"                  daemon [_thread_in_native, id=32316, stack(0x000000ff34b00000,0x000000ff34c00000) (1024K)]
  0x000002c969bd76f0 JavaThread "Thread-13"                  daemon [_thread_in_native, id=19444, stack(0x000000ff34c00000,0x000000ff34d00000) (1024K)]
  0x000002c969bdab70 JavaThread "pool-2-thread-1"                   [_thread_blocked, id=38556, stack(0x000000ff34d00000,0x000000ff34e00000) (1024K)]
  0x000002c969bdb200 JavaThread "WorkspaceEventsHandler"            [_thread_blocked, id=17004, stack(0x000000ff34f00000,0x000000ff35000000) (1024K)]
  0x000002c969bd9130 JavaThread "pool-1-thread-1"                   [_thread_blocked, id=36172, stack(0x000000ff35000000,0x000000ff35100000) (1024K)]
  0x000002c969bd7d80 JavaThread "ForkJoinPool.commonPool-worker-1" daemon [_thread_blocked, id=5204, stack(0x000000ff35100000,0x000000ff35200000) (1024K)]
  0x000002c969bdb890 JavaThread "ForkJoinPool.commonPool-worker-2" daemon [_thread_blocked, id=404, stack(0x000000ff35200000,0x000000ff35300000) (1024K)]
  0x000002c969bd8410 JavaThread "ForkJoinPool.commonPool-worker-3" daemon [_thread_blocked, id=27788, stack(0x000000ff35300000,0x000000ff35400000) (1024K)]
  0x000002c969bd8aa0 JavaThread "ForkJoinPool.commonPool-worker-4" daemon [_thread_blocked, id=34968, stack(0x000000ff35400000,0x000000ff35500000) (1024K)]
  0x000002c969bdd960 JavaThread "ForkJoinPool.commonPool-worker-5" daemon [_thread_blocked, id=20756, stack(0x000000ff35500000,0x000000ff35600000) (1024K)]
  0x000002c969bde680 JavaThread "ForkJoinPool.commonPool-worker-6" daemon [_thread_blocked, id=40316, stack(0x000000ff35600000,0x000000ff35700000) (1024K)]
=>0x000002c969bdbf20 JavaThread "ForkJoinPool.commonPool-worker-7" daemon [_thread_in_vm, id=39788, stack(0x000000ff35700000,0x000000ff35800000) (1024K)]
  0x000002c969bdc5b0 JavaThread "ForkJoinPool.commonPool-worker-8" daemon [_thread_blocked, id=39048, stack(0x000000ff35800000,0x000000ff35900000) (1024K)]
  0x000002c969bdcc40 JavaThread "ForkJoinPool.commonPool-worker-9" daemon [_thread_blocked, id=2244, stack(0x000000ff35900000,0x000000ff35a00000) (1024K)]
  0x000002c969bddff0 JavaThread "ForkJoinPool.commonPool-worker-10" daemon [_thread_blocked, id=18684, stack(0x000000ff35a00000,0x000000ff35b00000) (1024K)]
  0x000002c96b162fe0 JavaThread "ForkJoinPool.commonPool-worker-11" daemon [_thread_blocked, id=13224, stack(0x000000ff35b00000,0x000000ff35c00000) (1024K)]
  0x000002c96b163d00 JavaThread "LocalFile Deleter"          daemon [_thread_blocked, id=40652, stack(0x000000ff35e00000,0x000000ff35f00000) (1024K)]
  0x000002c96b1650b0 JavaThread "LocalFile Deleter"          daemon [_thread_blocked, id=37880, stack(0x000000ff35f00000,0x000000ff36000000) (1024K)]
  0x000002c96b165dd0 JavaThread "LocalFile Deleter"          daemon [_thread_blocked, id=29392, stack(0x000000ff36000000,0x000000ff36100000) (1024K)]
  0x000002c96b165740 JavaThread "LocalFile Deleter"          daemon [_thread_blocked, id=32264, stack(0x000000ff36100000,0x000000ff36200000) (1024K)]
  0x000002c96b164a20 JavaThread "LocalFile Deleter"          daemon [_thread_blocked, id=19336, stack(0x000000ff36200000,0x000000ff36300000) (1024K)]
  0x000002c96b162950 JavaThread "LocalFile Deleter"          daemon [_thread_blocked, id=33928, stack(0x000000ff36300000,0x000000ff36400000) (1024K)]
  0x000002c96b166af0 JavaThread "LocalFile Deleter"          daemon [_thread_blocked, id=36792, stack(0x000000ff36400000,0x000000ff36500000) (1024K)]
  0x000002c96b168530 JavaThread "LocalFile Deleter"          daemon [_thread_blocked, id=26644, stack(0x000000ff36500000,0x000000ff36600000) (1024K)]
  0x000002c96b167180 JavaThread "Compiler Source File Reader" daemon [_thread_blocked, id=15640, stack(0x000000ff36600000,0x000000ff36700000) (1024K)]
  0x000002c96b169250 JavaThread "Compiler Source File Reader" daemon [_thread_blocked, id=21204, stack(0x000000ff36700000,0x000000ff36800000) (1024K)]
  0x000002c96b167810 JavaThread "Compiler Source File Reader" daemon [_thread_blocked, id=33184, stack(0x000000ff36800000,0x000000ff36900000) (1024K)]
  0x000002c96b168bc0 JavaThread "Compiler Source File Reader" daemon [_thread_blocked, id=23576, stack(0x000000ff36900000,0x000000ff36a00000) (1024K)]
  0x000002c96b1698e0 JavaThread "Compiler Source File Reader" daemon [_thread_blocked, id=24388, stack(0x000000ff36a00000,0x000000ff36b00000) (1024K)]
  0x000002c96b167ea0 JavaThread "Compiler Source File Reader" daemon [_thread_blocked, id=12908, stack(0x000000ff36b00000,0x000000ff36c00000) (1024K)]
  0x000002c96b166460 JavaThread "Compiler Source File Reader" daemon [_thread_blocked, id=34020, stack(0x000000ff36c00000,0x000000ff36d00000) (1024K)]
  0x000002c96b169f70 JavaThread "Compiler Source File Reader" daemon [_thread_blocked, id=10092, stack(0x000000ff36d00000,0x000000ff36e00000) (1024K)]
  0x000002c969bdd2d0 JavaThread "Compiler Source File Reader" daemon [_thread_blocked, id=30008, stack(0x000000ff36e00000,0x000000ff36f00000) (1024K)]
  0x000002c96ba91d10 JavaThread "Compiler Source File Reader" daemon [_thread_blocked, id=13652, stack(0x000000ff36f00000,0x000000ff37000000) (1024K)]
  0x000002c96ba8f5b0 JavaThread "Compiler Processing Task"   daemon [_thread_blocked, id=20272, stack(0x000000ff37000000,0x000000ff37100000) (1024K)]
  0x000002c96ba8fc40 JavaThread "Compiler Class File Writer" daemon [_thread_blocked, id=19984, stack(0x000000ff37100000,0x000000ff37200000) (1024K)]
  0x000002c96ba930c0 JavaThread "Compiler Class File Writer" daemon [_thread_blocked, id=39080, stack(0x000000ff37200000,0x000000ff37300000) (1024K)]
  0x000002c96ba93750 JavaThread "Compiler Class File Writer" daemon [_thread_blocked, id=15812, stack(0x000000ff37300000,0x000000ff37400000) (1024K)]
  0x000002c96ba90960 JavaThread "Compiler Class File Writer" daemon [_thread_blocked, id=22940, stack(0x000000ff37400000,0x000000ff37500000) (1024K)]
  0x000002c96ba91680 JavaThread "Compiler Class File Writer" daemon [_thread_blocked, id=35916, stack(0x000000ff37500000,0x000000ff37600000) (1024K)]
  0x000002c96ba923a0 JavaThread "Compiler Class File Writer" daemon [_thread_blocked, id=17012, stack(0x000000ff37600000,0x000000ff37700000) (1024K)]
  0x000002c96ba92a30 JavaThread "Compiler Class File Writer" daemon [_thread_blocked, id=19944, stack(0x000000ff37700000,0x000000ff37800000) (1024K)]
  0x000002c96ba902d0 JavaThread "Compiler Class File Writer" daemon [_thread_blocked, id=28664, stack(0x000000ff37800000,0x000000ff37900000) (1024K)]
  0x000002c96ba96540 JavaThread "Compiler Class File Writer" daemon [_thread_blocked, id=37200, stack(0x000000ff37900000,0x000000ff37a00000) (1024K)]
  0x000002c96ba96bd0 JavaThread "Compiler Class File Writer" daemon [_thread_blocked, id=39636, stack(0x000000ff37a00000,0x000000ff37b00000) (1024K)]
  0x000002c96ba94b00 JavaThread "Cleaner-0"                  daemon [_thread_blocked, id=9628, stack(0x000000ff37b00000,0x000000ff37c00000) (1024K)]
Total: 83

Other Threads:
  0x000002c90a09eb60 VMThread "VM Thread"                           [id=37756, stack(0x000000ff31a00000,0x000000ff31b00000) (1024K)] _threads_hazard_ptr=0x000002c976117690
  0x000002c909e6ca00 WatcherThread "VM Periodic Task Thread"        [id=14080, stack(0x000000ff31900000,0x000000ff31a00000) (1024K)]
  0x000002c90a002e80 WorkerThread "GC Thread#0"                     [id=38752, stack(0x000000ff31800000,0x000000ff31900000) (1024K)]
  0x000002c968865420 WorkerThread "GC Thread#1"                     [id=29956, stack(0x000000ff32700000,0x000000ff32800000) (1024K)]
  0x000002c9688657c0 WorkerThread "GC Thread#2"                     [id=15864, stack(0x000000ff32800000,0x000000ff32900000) (1024K)]
  0x000002c9688dab00 WorkerThread "GC Thread#3"                     [id=19232, stack(0x000000ff32900000,0x000000ff32a00000) (1024K)]
  0x000002c9688daea0 WorkerThread "GC Thread#4"                     [id=9500, stack(0x000000ff32a00000,0x000000ff32b00000) (1024K)]
  0x000002c96888f3a0 WorkerThread "GC Thread#5"                     [id=34764, stack(0x000000ff32b00000,0x000000ff32c00000) (1024K)]
  0x000002c96888f740 WorkerThread "GC Thread#6"                     [id=29384, stack(0x000000ff32c00000,0x000000ff32d00000) (1024K)]
  0x000002c968a6bd70 WorkerThread "GC Thread#7"                     [id=16928, stack(0x000000ff32f00000,0x000000ff33000000) (1024K)]
  0x000002c968e80d20 WorkerThread "GC Thread#8"                     [id=36752, stack(0x000000ff33200000,0x000000ff33300000) (1024K)]
  0x000002c968e57f80 WorkerThread "GC Thread#9"                     [id=15772, stack(0x000000ff33300000,0x000000ff33400000) (1024K)]
Total: 12

Threads with active compile tasks:
C2 CompilerThread0  63776 17391       4       java.lang.invoke.InvokerBytecodeGenerator::emitPushArgument (150 bytes)
C1 CompilerThread0  63776 17414       1       java.nio.charset.CharsetDecoder::averageCharsPerByte (5 bytes)
Total: 2

VM state: synchronizing (normal execution)

VM Mutex/Monitor currently owned by a thread:  ([mutex/lock_event])
[0x00007ffe655ab4f0] Metaspace_lock - owner thread: 0x000002c969bdbf20
[0x00007ffe655ad570] Threads_lock - owner thread: 0x000002c90a09eb60
[0x00007ffe655ad670] Heap_lock - owner thread: 0x000002c969bde680

Heap address: 0x0000000080000000, size: 2048 MB, Compressed Oops mode: 32-bit

CDS archive(s) mapped at: [0x000002c921000000-0x000002c921ba0000-0x000002c921ba0000), size 12189696, SharedBaseAddress: 0x000002c921000000, ArchiveRelocationMode: 1.
Compressed class space mapped at: 0x000002c922000000-0x000002c962000000, reserved size: 1073741824
Narrow klass base: 0x000002c921000000, Narrow klass shift: 0, Narrow klass range: 0x100000000

GC Precious Log:
 CardTable entry size: 512
 CPUs: 12 total, 12 available
 Memory: 7876M
 Large Page Support: Disabled
 NUMA Support: Disabled
 Compressed Oops: Enabled (32-bit)
 Alignments: Space 512K, Generation 512K, Heap 2M
 Heap Min Capacity: 100M
 Heap Initial Capacity: 100M
 Heap Max Capacity: 2G
 Pre-touch: Disabled
 Parallel Workers: 10

Heap:
 PSYoungGen      total 4608K, used 4480K [0x00000000d5580000, 0x00000000d5b00000, 0x0000000100000000)
  eden space 4096K, 100% used [0x00000000d5580000,0x00000000d5980000,0x00000000d5980000)
  from space 512K, 75% used [0x00000000d5a80000,0x00000000d5ae0000,0x00000000d5b00000)
  to   space 512K, 0% used [0x00000000d5a00000,0x00000000d5a00000,0x00000000d5a80000)
 ParOldGen       total 291328K, used 159241K [0x0000000080000000, 0x0000000091c80000, 0x00000000d5580000)
  object space 291328K, 54% used [0x0000000080000000,0x0000000089b825c0,0x0000000091c80000)
 Metaspace       used 88920K, committed 90496K, reserved 1179648K
  class space    used 8454K, committed 9216K, reserved 1048576K

Card table byte_map: [0x000002c909980000,0x000002c909d90000] _byte_map_base: 0x000002c909580000

Marking Bits: (ParMarkBitMap*) 0x00007ffe655b2460
 Begin Bits: [0x000002c91c490000, 0x000002c91e490000)
 End Bits:   [0x000002c91e490000, 0x000002c920490000)

Polling page: 0x000002c907da0000

Metaspace:

Usage:
  Non-class:     78.58 MB used.
      Class:      8.26 MB used.
       Both:     86.84 MB used.

Virtual space:
  Non-class space:      128.00 MB reserved,      79.38 MB ( 62%) committed,  2 nodes.
      Class space:        1.00 GB reserved,       9.00 MB ( <1%) committed,  1 nodes.
             Both:        1.12 GB reserved,      88.38 MB (  8%) committed. 

Chunk freelists:
   Non-Class:  15.80 MB
       Class:  7.04 MB
        Both:  22.83 MB

MaxMetaspaceSize: unlimited
CompressedClassSpaceSize: 1.00 GB
Initial GC threshold: 21.00 MB
Current GC threshold: 142.94 MB
CDS: on
 - commit_granule_bytes: 65536.
 - commit_granule_words: 8192.
 - virtual_space_node_default_size: 8388608.
 - enlarge_chunks_in_place: 1.
 - use_allocation_guard: 0.


Internal statistics:

num_allocs_failed_limit: 9.
num_arena_births: 1566.
num_arena_deaths: 42.
num_vsnodes_births: 3.
num_vsnodes_deaths: 0.
num_space_committed: 1414.
num_space_uncommitted: 0.
num_chunks_returned_to_freelist: 62.
num_chunks_taken_from_freelist: 5954.
num_chunk_merges: 26.
num_chunk_splits: 3473.
num_chunks_enlarged: 1707.
num_inconsistent_stats: 0.

CodeHeap 'non-profiled nmethods': size=120000Kb used=12815Kb max_used=12815Kb free=107184Kb
 bounds [0x000002c914cb0000, 0x000002c915940000, 0x000002c91c1e0000]
CodeHeap 'profiled nmethods': size=120000Kb used=37165Kb max_used=37165Kb free=82834Kb
 bounds [0x000002c90d1e0000, 0x000002c90f630000, 0x000002c914710000]
CodeHeap 'non-nmethods': size=5760Kb used=1496Kb max_used=1582Kb free=4263Kb
 bounds [0x000002c914710000, 0x000002c914980000, 0x000002c914cb0000]
CodeCache: size=245760Kb, used=51476Kb, max_used=51562Kb, free=194281Kb
 total_blobs=16640, nmethods=15824, adapters=718, full_count=0
Compilation: enabled, stopped_count=0, restarted_count=0

Compilation events (20 events):
Event: 59.645 Thread 0x000002c962e16620 nmethod 17401 0x000002c90f61c990 code [0x000002c90f61cb40, 0x000002c90f61cea0]
Event: 59.645 Thread 0x000002c962e16620 17400       3       java.lang.invoke.LambdaFormEditor::filterArgumentsForm (74 bytes)
Event: 59.646 Thread 0x000002c962e16620 nmethod 17400 0x000002c90f61cf90 code [0x000002c90f61d180, 0x000002c90f61d430]
Event: 59.646 Thread 0x000002c962e16620 17405       1       java.lang.invoke.LambdaForm$BasicType::basicTypeChar (5 bytes)
Event: 59.647 Thread 0x000002c962e16620 nmethod 17405 0x000002c915933b10 code [0x000002c915933ca0, 0x000002c915933d70]
Event: 59.647 Thread 0x000002c962e16620 17406       3       java.lang.invoke.LambdaFormBuffer::replaceParameterByCopy (38 bytes)
Event: 59.647 Thread 0x000002c962e16620 nmethod 17406 0x000002c90f61d590 code [0x000002c90f61d760, 0x000002c90f61d948]
Event: 59.647 Thread 0x000002c962e16620 17407       3       java.lang.invoke.LambdaFormBuffer::noteDuplicate (115 bytes)
Event: 59.648 Thread 0x000002c962e16620 nmethod 17407 0x000002c90f61da90 code [0x000002c90f61dca0, 0x000002c90f61e420]
Event: 59.648 Thread 0x000002c962e16620 17408       3       java.util.regex.Pattern::newSlice (181 bytes)
Event: 60.658 Thread 0x000002c962e16620 nmethod 17408 0x000002c90f61e790 code [0x000002c90f61eae0, 0x000002c90f61ff60]
Event: 60.658 Thread 0x000002c962e16620 17410       3       java.lang.invoke.LambdaForm$NamedFunction::<init> (95 bytes)
Event: 60.659 Thread 0x000002c962e16620 nmethod 17410 0x000002c90f620710 code [0x000002c90f620900, 0x000002c90f620d38]
Event: 60.659 Thread 0x000002c962e16620 17413       3       java.util.regex.Pattern::atom (422 bytes)
Event: 60.661 Thread 0x000002c962e16620 nmethod 17413 0x000002c90f620f10 code [0x000002c90f6212a0, 0x000002c90f622890]
Event: 60.664 Thread 0x000002c962e16620 17412       3       java.util.regex.Pattern::escape (1306 bytes)
Event: 60.671 Thread 0x000002c962e16620 nmethod 17412 0x000002c90f622f90 code [0x000002c90f623a40, 0x000002c90f629bd0]
Event: 60.671 Thread 0x000002c962e16620 17411       3       java.lang.invoke.BoundMethodHandle$Species_L::copyWith (14 bytes)
Event: 60.672 Thread 0x000002c962e16620 nmethod 17411 0x000002c90f62b290 code [0x000002c90f62b440, 0x000002c90f62b678]
Event: 61.692 Thread 0x000002c962e16620 17414       1       java.nio.charset.CharsetDecoder::averageCharsPerByte (5 bytes)

GC Heap History (20 events):
Event: 49.176 GC heap before
{Heap before GC invocations=397 (full 4):
 PSYoungGen      total 4608K, used 4560K [0x00000000d5580000, 0x00000000d5c80000, 0x0000000100000000)
  eden space 4096K, 100% used [0x00000000d5580000,0x00000000d5980000,0x00000000d5980000)
  from space 512K, 90% used [0x00000000d5c00000,0x00000000d5c74010,0x00000000d5c80000)
  to   space 1024K, 0% used [0x00000000d5a80000,0x00000000d5a80000,0x00000000d5b80000)
 ParOldGen       total 291328K, used 154102K [0x0000000080000000, 0x0000000091c80000, 0x00000000d5580000)
  object space 291328K, 52% used [0x0000000080000000,0x000000008967d900,0x0000000091c80000)
 Metaspace       used 87779K, committed 89344K, reserved 1179648K
  class space    used 8325K, committed 9088K, reserved 1048576K
}
Event: 49.178 GC heap after
{Heap after GC invocations=397 (full 4):
 PSYoungGen      total 5120K, used 320K [0x00000000d5580000, 0x00000000d5c80000, 0x0000000100000000)
  eden space 4096K, 0% used [0x00000000d5580000,0x00000000d5580000,0x00000000d5980000)
  from space 1024K, 31% used [0x00000000d5a80000,0x00000000d5ad0000,0x00000000d5b80000)
  to   space 512K, 0% used [0x00000000d5c00000,0x00000000d5c00000,0x00000000d5c80000)
 ParOldGen       total 291328K, used 154214K [0x0000000080000000, 0x0000000091c80000, 0x00000000d5580000)
  object space 291328K, 52% used [0x0000000080000000,0x0000000089699900,0x0000000091c80000)
 Metaspace       used 87779K, committed 89344K, reserved 1179648K
  class space    used 8325K, committed 9088K, reserved 1048576K
}
Event: 49.635 GC heap before
{Heap before GC invocations=398 (full 4):
 PSYoungGen      total 5120K, used 4416K [0x00000000d5580000, 0x00000000d5c80000, 0x0000000100000000)
  eden space 4096K, 100% used [0x00000000d5580000,0x00000000d5980000,0x00000000d5980000)
  from space 1024K, 31% used [0x00000000d5a80000,0x00000000d5ad0000,0x00000000d5b80000)
  to   space 512K, 0% used [0x00000000d5c00000,0x00000000d5c00000,0x00000000d5c80000)
 ParOldGen       total 291328K, used 154214K [0x0000000080000000, 0x0000000091c80000, 0x00000000d5580000)
  object space 291328K, 52% used [0x0000000080000000,0x0000000089699900,0x0000000091c80000)
 Metaspace       used 87801K, committed 89408K, reserved 1179648K
  class space    used 8325K, committed 9088K, reserved 1048576K
}
Event: 49.636 GC heap after
{Heap after GC invocations=398 (full 4):
 PSYoungGen      total 4608K, used 368K [0x00000000d5580000, 0x00000000d5c80000, 0x0000000100000000)
  eden space 4096K, 0% used [0x00000000d5580000,0x00000000d5580000,0x00000000d5980000)
  from space 512K, 71% used [0x00000000d5c00000,0x00000000d5c5c010,0x00000000d5c80000)
  to   space 512K, 0% used [0x00000000d5b80000,0x00000000d5b80000,0x00000000d5c00000)
 ParOldGen       total 291328K, used 154286K [0x0000000080000000, 0x0000000091c80000, 0x00000000d5580000)
  object space 291328K, 52% used [0x0000000080000000,0x00000000896ab900,0x0000000091c80000)
 Metaspace       used 87801K, committed 89408K, reserved 1179648K
  class space    used 8325K, committed 9088K, reserved 1048576K
}
Event: 49.942 GC heap before
{Heap before GC invocations=399 (full 4):
 PSYoungGen      total 4608K, used 4464K [0x00000000d5580000, 0x00000000d5c80000, 0x0000000100000000)
  eden space 4096K, 99% used [0x00000000d5580000,0x00000000d597fff0,0x00000000d5980000)
  from space 512K, 71% used [0x00000000d5c00000,0x00000000d5c5c010,0x00000000d5c80000)
  to   space 512K, 0% used [0x00000000d5b80000,0x00000000d5b80000,0x00000000d5c00000)
 ParOldGen       total 291328K, used 154286K [0x0000000080000000, 0x0000000091c80000, 0x00000000d5580000)
  object space 291328K, 52% used [0x0000000080000000,0x00000000896ab900,0x0000000091c80000)
 Metaspace       used 87812K, committed 89408K, reserved 1179648K
  class space    used 8325K, committed 9088K, reserved 1048576K
}
Event: 49.943 GC heap after
{Heap after GC invocations=399 (full 4):
 PSYoungGen      total 4608K, used 384K [0x00000000d5580000, 0x00000000d5c80000, 0x0000000100000000)
  eden space 4096K, 0% used [0x00000000d5580000,0x00000000d5580000,0x00000000d5980000)
  from space 512K, 75% used [0x00000000d5b80000,0x00000000d5be0000,0x00000000d5c00000)
  to   space 512K, 0% used [0x00000000d5c00000,0x00000000d5c00000,0x00000000d5c80000)
 ParOldGen       total 291328K, used 154576K [0x0000000080000000, 0x0000000091c80000, 0x00000000d5580000)
  object space 291328K, 53% used [0x0000000080000000,0x00000000896f4210,0x0000000091c80000)
 Metaspace       used 87812K, committed 89408K, reserved 1179648K
  class space    used 8325K, committed 9088K, reserved 1048576K
}
Event: 50.405 GC heap before
{Heap before GC invocations=400 (full 4):
 PSYoungGen      total 4608K, used 4478K [0x00000000d5580000, 0x00000000d5c80000, 0x0000000100000000)
  eden space 4096K, 99% used [0x00000000d5580000,0x00000000d597fa98,0x00000000d5980000)
  from space 512K, 75% used [0x00000000d5b80000,0x00000000d5be0000,0x00000000d5c00000)
  to   space 512K, 0% used [0x00000000d5c00000,0x00000000d5c00000,0x00000000d5c80000)
 ParOldGen       total 291328K, used 154576K [0x0000000080000000, 0x0000000091c80000, 0x00000000d5580000)
  object space 291328K, 53% used [0x0000000080000000,0x00000000896f4210,0x0000000091c80000)
 Metaspace       used 87884K, committed 89472K, reserved 1179648K
  class space    used 8325K, committed 9088K, reserved 1048576K
}
Event: 50.407 GC heap after
{Heap after GC invocations=400 (full 4):
 PSYoungGen      total 4608K, used 384K [0x00000000d5580000, 0x00000000d5c80000, 0x0000000100000000)
  eden space 4096K, 0% used [0x00000000d5580000,0x00000000d5580000,0x00000000d5980000)
  from space 512K, 75% used [0x00000000d5c00000,0x00000000d5c60000,0x00000000d5c80000)
  to   space 512K, 0% used [0x00000000d5b80000,0x00000000d5b80000,0x00000000d5c00000)
 ParOldGen       total 291328K, used 154672K [0x0000000080000000, 0x0000000091c80000, 0x00000000d5580000)
  object space 291328K, 53% used [0x0000000080000000,0x000000008970c210,0x0000000091c80000)
 Metaspace       used 87884K, committed 89472K, reserved 1179648K
  class space    used 8325K, committed 9088K, reserved 1048576K
}
Event: 50.856 GC heap before
{Heap before GC invocations=401 (full 4):
 PSYoungGen      total 4608K, used 4480K [0x00000000d5580000, 0x00000000d5c80000, 0x0000000100000000)
  eden space 4096K, 100% used [0x00000000d5580000,0x00000000d5980000,0x00000000d5980000)
  from space 512K, 75% used [0x00000000d5c00000,0x00000000d5c60000,0x00000000d5c80000)
  to   space 512K, 0% used [0x00000000d5b80000,0x00000000d5b80000,0x00000000d5c00000)
 ParOldGen       total 291328K, used 154672K [0x0000000080000000, 0x0000000091c80000, 0x00000000d5580000)
  object space 291328K, 53% used [0x0000000080000000,0x000000008970c210,0x0000000091c80000)
 Metaspace       used 87900K, committed 89536K, reserved 1179648K
  class space    used 8325K, committed 9088K, reserved 1048576K
}
Event: 50.859 GC heap after
{Heap after GC invocations=401 (full 4):
 PSYoungGen      total 4608K, used 336K [0x00000000d5580000, 0x00000000d5c80000, 0x0000000100000000)
  eden space 4096K, 0% used [0x00000000d5580000,0x00000000d5580000,0x00000000d5980000)
  from space 512K, 65% used [0x00000000d5b80000,0x00000000d5bd4010,0x00000000d5c00000)
  to   space 512K, 0% used [0x00000000d5c00000,0x00000000d5c00000,0x00000000d5c80000)
 ParOldGen       total 291328K, used 154946K [0x0000000080000000, 0x0000000091c80000, 0x00000000d5580000)
  object space 291328K, 53% used [0x0000000080000000,0x0000000089750b20,0x0000000091c80000)
 Metaspace       used 87900K, committed 89536K, reserved 1179648K
  class space    used 8325K, committed 9088K, reserved 1048576K
}
Event: 51.203 GC heap before
{Heap before GC invocations=402 (full 4):
 PSYoungGen      total 4608K, used 4432K [0x00000000d5580000, 0x00000000d5c80000, 0x0000000100000000)
  eden space 4096K, 100% used [0x00000000d5580000,0x00000000d5980000,0x00000000d5980000)
  from space 512K, 65% used [0x00000000d5b80000,0x00000000d5bd4010,0x00000000d5c00000)
  to   space 512K, 0% used [0x00000000d5c00000,0x00000000d5c00000,0x00000000d5c80000)
 ParOldGen       total 291328K, used 154946K [0x0000000080000000, 0x0000000091c80000, 0x00000000d5580000)
  object space 291328K, 53% used [0x0000000080000000,0x0000000089750b20,0x0000000091c80000)
 Metaspace       used 87923K, committed 89536K, reserved 1179648K
  class space    used 8325K, committed 9088K, reserved 1048576K
}
Event: 51.207 GC heap after
{Heap after GC invocations=402 (full 4):
 PSYoungGen      total 3584K, used 487K [0x00000000d5580000, 0x00000000d6080000, 0x0000000100000000)
  eden space 3072K, 0% used [0x00000000d5580000,0x00000000d5580000,0x00000000d5880000)
  from space 512K, 95% used [0x00000000d5c00000,0x00000000d5c79e80,0x00000000d5c80000)
  to   space 3584K, 0% used [0x00000000d5880000,0x00000000d5880000,0x00000000d5c00000)
 ParOldGen       total 291328K, used 157162K [0x0000000080000000, 0x0000000091c80000, 0x00000000d5580000)
  object space 291328K, 53% used [0x0000000080000000,0x000000008997a9a0,0x0000000091c80000)
 Metaspace       used 87923K, committed 89536K, reserved 1179648K
  class space    used 8325K, committed 9088K, reserved 1048576K
}
Event: 51.215 GC heap before
{Heap before GC invocations=403 (full 4):
 PSYoungGen      total 3584K, used 3559K [0x00000000d5580000, 0x00000000d6080000, 0x0000000100000000)
  eden space 3072K, 100% used [0x00000000d5580000,0x00000000d5880000,0x00000000d5880000)
  from space 512K, 95% used [0x00000000d5c00000,0x00000000d5c79e80,0x00000000d5c80000)
  to   space 3584K, 0% used [0x00000000d5880000,0x00000000d5880000,0x00000000d5c00000)
 ParOldGen       total 291328K, used 157162K [0x0000000080000000, 0x0000000091c80000, 0x00000000d5580000)
  object space 291328K, 53% used [0x0000000080000000,0x000000008997a9a0,0x0000000091c80000)
 Metaspace       used 87923K, committed 89536K, reserved 1179648K
  class space    used 8325K, committed 9088K, reserved 1048576K
}
Event: 51.218 GC heap after
{Heap after GC invocations=403 (full 4):
 PSYoungGen      total 4608K, used 1344K [0x00000000d5580000, 0x00000000d5c80000, 0x0000000100000000)
  eden space 3072K, 0% used [0x00000000d5580000,0x00000000d5580000,0x00000000d5880000)
  from space 1536K, 87% used [0x00000000d5880000,0x00000000d59d0000,0x00000000d5a00000)
  to   space 2048K, 0% used [0x00000000d5a80000,0x00000000d5a80000,0x00000000d5c80000)
 ParOldGen       total 291328K, used 157500K [0x0000000080000000, 0x0000000091c80000, 0x00000000d5580000)
  object space 291328K, 54% used [0x0000000080000000,0x00000000899cf2b0,0x0000000091c80000)
 Metaspace       used 87923K, committed 89536K, reserved 1179648K
  class space    used 8325K, committed 9088K, reserved 1048576K
}
Event: 51.297 GC heap before
{Heap before GC invocations=404 (full 4):
 PSYoungGen      total 4608K, used 4416K [0x00000000d5580000, 0x00000000d5c80000, 0x0000000100000000)
  eden space 3072K, 100% used [0x00000000d5580000,0x00000000d5880000,0x00000000d5880000)
  from space 1536K, 87% used [0x00000000d5880000,0x00000000d59d0000,0x00000000d5a00000)
  to   space 2048K, 0% used [0x00000000d5a80000,0x00000000d5a80000,0x00000000d5c80000)
 ParOldGen       total 291328K, used 157500K [0x0000000080000000, 0x0000000091c80000, 0x00000000d5580000)
  object space 291328K, 54% used [0x0000000080000000,0x00000000899cf2b0,0x0000000091c80000)
 Metaspace       used 87928K, committed 89536K, reserved 1179648K
  class space    used 8325K, committed 9088K, reserved 1048576K
}
Event: 51.300 GC heap after
{Heap after GC invocations=404 (full 4):
 PSYoungGen      total 4608K, used 1072K [0x00000000d5580000, 0x00000000d5c00000, 0x0000000100000000)
  eden space 3072K, 0% used [0x00000000d5580000,0x00000000d5580000,0x00000000d5880000)
  from space 1536K, 69% used [0x00000000d5a80000,0x00000000d5b8c010,0x00000000d5c00000)
  to   space 1536K, 0% used [0x00000000d5880000,0x00000000d5880000,0x00000000d5a00000)
 ParOldGen       total 291328K, used 158687K [0x0000000080000000, 0x0000000091c80000, 0x00000000d5580000)
  object space 291328K, 54% used [0x0000000080000000,0x0000000089af7cb0,0x0000000091c80000)
 Metaspace       used 87928K, committed 89536K, reserved 1179648K
  class space    used 8325K, committed 9088K, reserved 1048576K
}
Event: 51.656 GC heap before
{Heap before GC invocations=405 (full 4):
 PSYoungGen      total 4608K, used 4143K [0x00000000d5580000, 0x00000000d5c00000, 0x0000000100000000)
  eden space 3072K, 99% used [0x00000000d5580000,0x00000000d587ffc8,0x00000000d5880000)
  from space 1536K, 69% used [0x00000000d5a80000,0x00000000d5b8c010,0x00000000d5c00000)
  to   space 1536K, 0% used [0x00000000d5880000,0x00000000d5880000,0x00000000d5a00000)
 ParOldGen       total 291328K, used 158687K [0x0000000080000000, 0x0000000091c80000, 0x00000000d5580000)
  object space 291328K, 54% used [0x0000000080000000,0x0000000089af7cb0,0x0000000091c80000)
 Metaspace       used 88213K, committed 89792K, reserved 1179648K
  class space    used 8346K, committed 9088K, reserved 1048576K
}
Event: 52.476 GC heap after
{Heap after GC invocations=405 (full 4):
 PSYoungGen      total 4608K, used 576K [0x00000000d5580000, 0x00000000d5b80000, 0x0000000100000000)
  eden space 3072K, 0% used [0x00000000d5580000,0x00000000d5580000,0x00000000d5880000)
  from space 1536K, 37% used [0x00000000d5880000,0x00000000d5910000,0x00000000d5a00000)
  to   space 1024K, 0% used [0x00000000d5a80000,0x00000000d5a80000,0x00000000d5b80000)
 ParOldGen       total 291328K, used 159049K [0x0000000080000000, 0x0000000091c80000, 0x00000000d5580000)
  object space 291328K, 54% used [0x0000000080000000,0x0000000089b525c0,0x0000000091c80000)
 Metaspace       used 88213K, committed 89792K, reserved 1179648K
  class space    used 8346K, committed 9088K, reserved 1048576K
}
Event: 57.558 GC heap before
{Heap before GC invocations=406 (full 4):
 PSYoungGen      total 4608K, used 3648K [0x00000000d5580000, 0x00000000d5b80000, 0x0000000100000000)
  eden space 3072K, 100% used [0x00000000d5580000,0x00000000d5880000,0x00000000d5880000)
  from space 1536K, 37% used [0x00000000d5880000,0x00000000d5910000,0x00000000d5a00000)
  to   space 1024K, 0% used [0x00000000d5a80000,0x00000000d5a80000,0x00000000d5b80000)
 ParOldGen       total 291328K, used 159049K [0x0000000080000000, 0x0000000091c80000, 0x00000000d5580000)
  object space 291328K, 54% used [0x0000000080000000,0x0000000089b525c0,0x0000000091c80000)
 Metaspace       used 88324K, committed 89920K, reserved 1179648K
  class space    used 8355K, committed 9088K, reserved 1048576K
}
Event: 58.576 GC heap after
{Heap after GC invocations=406 (full 4):
 PSYoungGen      total 4608K, used 384K [0x00000000d5580000, 0x00000000d5b00000, 0x0000000100000000)
  eden space 4096K, 0% used [0x00000000d5580000,0x00000000d5580000,0x00000000d5980000)
  from space 512K, 75% used [0x00000000d5a80000,0x00000000d5ae0000,0x00000000d5b00000)
  to   space 512K, 0% used [0x00000000d5a00000,0x00000000d5a00000,0x00000000d5a80000)
 ParOldGen       total 291328K, used 159241K [0x0000000080000000, 0x0000000091c80000, 0x00000000d5580000)
  object space 291328K, 54% used [0x0000000080000000,0x0000000089b825c0,0x0000000091c80000)
 Metaspace       used 88324K, committed 89920K, reserved 1179648K
  class space    used 8355K, committed 9088K, reserved 1048576K
}

Dll operation events (12 events):
Event: 0.009 Loaded shared library c:\Users\Nithin\.vscode\extensions\redhat.java-1.48.2025111208-win32-x64\jre\21.0.9-win32-x86_64\bin\java.dll
Event: 0.027 Loaded shared library c:\Users\Nithin\.vscode\extensions\redhat.java-1.48.2025111208-win32-x64\jre\21.0.9-win32-x86_64\bin\zip.dll
Event: 0.103 Loaded shared library C:\Users\Nithin\.vscode\extensions\redhat.java-1.48.2025111208-win32-x64\jre\21.0.9-win32-x86_64\bin\instrument.dll
Event: 0.111 Loaded shared library C:\Users\Nithin\.vscode\extensions\redhat.java-1.48.2025111208-win32-x64\jre\21.0.9-win32-x86_64\bin\net.dll
Event: 0.113 Loaded shared library C:\Users\Nithin\.vscode\extensions\redhat.java-1.48.2025111208-win32-x64\jre\21.0.9-win32-x86_64\bin\nio.dll
Event: 0.117 Loaded shared library C:\Users\Nithin\.vscode\extensions\redhat.java-1.48.2025111208-win32-x64\jre\21.0.9-win32-x86_64\bin\zip.dll
Event: 0.140 Loaded shared library C:\Users\Nithin\.vscode\extensions\redhat.java-1.48.2025111208-win32-x64\jre\21.0.9-win32-x86_64\bin\jimage.dll
Event: 0.221 Loaded shared library c:\Users\Nithin\.vscode\extensions\redhat.java-1.48.2025111208-win32-x64\jre\21.0.9-win32-x86_64\bin\verify.dll
Event: 1.370 Loaded shared library C:\Users\Nithin\AppData\Roaming\Code\User\globalStorage\redhat.java\1.48.2025111208\config_win\org.eclipse.equinox.launcher\org.eclipse.equinox.launcher.win32.win32.x86_64_1.2.1400.v20250801-0854\eclipse_11916.dll
Event: 2.884 Loaded shared library C:\Users\Nithin\AppData\Local\Temp\jna--1961364748\jna1578797700527727857.dll
Event: 5.729 Loaded shared library C:\Users\Nithin\.vscode\extensions\redhat.java-1.48.2025111208-win32-x64\jre\21.0.9-win32-x86_64\bin\sunmscapi.dll
Event: 5.846 Loaded shared library C:\Users\Nithin\.vscode\extensions\redhat.java-1.48.2025111208-win32-x64\jre\21.0.9-win32-x86_64\bin\extnet.dll

Deoptimization events (20 events):
Event: 54.517 Thread 0x000002c969bdbf20 Uncommon trap: trap_request=0xffffff45 fr.pc=0x000002c9155a65b0 relative=0x0000000000000090
Event: 54.517 Thread 0x000002c969bdbf20 Uncommon trap: reason=unstable_if action=reinterpret pc=0x000002c9155a65b0 method=org.eclipse.jdt.internal.compiler.parser.ScannerHelper.isWhitespace(C)Z @ 14 c2
Event: 54.517 Thread 0x000002c969bdbf20 DEOPT PACKING pc=0x000002c9155a65b0 sp=0x000000ff357fe0e0
Event: 54.517 Thread 0x000002c969bdbf20 DEOPT UNPACKING pc=0x000002c914763aa2 sp=0x000000ff357fe080 mode 2
Event: 58.620 Thread 0x000002c969bdbf20 Uncommon trap: trap_request=0xffffff45 fr.pc=0x000002c9150ac8f0 relative=0x00000000000008f0
Event: 58.620 Thread 0x000002c969bdbf20 Uncommon trap: reason=unstable_if action=reinterpret pc=0x000002c9150ac8f0 method=java.util.Arrays.copyOfRange([CII)[C @ 7 c2
Event: 58.620 Thread 0x000002c969bdbf20 DEOPT PACKING pc=0x000002c9150ac8f0 sp=0x000000ff357fd630
Event: 58.620 Thread 0x000002c969bdbf20 DEOPT UNPACKING pc=0x000002c914763aa2 sp=0x000000ff357fd560 mode 2
Event: 59.647 Thread 0x000002c969bdbf20 Uncommon trap: trap_request=0xffffff45 fr.pc=0x000002c9150f6a74 relative=0x0000000000001294
Event: 59.647 Thread 0x000002c969bdbf20 Uncommon trap: reason=unstable_if action=reinterpret pc=0x000002c9150f6a74 method=java.util.regex.Pattern.newSlice([IIZ)Ljava/util/regex/Pattern$Node; @ 19 c2
Event: 59.647 Thread 0x000002c969bdbf20 DEOPT PACKING pc=0x000002c9150f6a74 sp=0x000000ff357fcd80
Event: 59.647 Thread 0x000002c969bdbf20 DEOPT UNPACKING pc=0x000002c914763aa2 sp=0x000000ff357fccd0 mode 2
Event: 59.647 Thread 0x000002c969bdbf20 Uncommon trap: trap_request=0xffffff45 fr.pc=0x000002c9150dec70 relative=0x0000000000000570
Event: 59.647 Thread 0x000002c969bdbf20 Uncommon trap: reason=unstable_if action=reinterpret pc=0x000002c9150dec70 method=java.util.regex.Pattern.newSlice([IIZ)Ljava/util/regex/Pattern$Node; @ 19 c2
Event: 59.647 Thread 0x000002c969bdbf20 DEOPT PACKING pc=0x000002c9150dec70 sp=0x000000ff357fcd10
Event: 59.647 Thread 0x000002c969bdbf20 DEOPT UNPACKING pc=0x000002c914763aa2 sp=0x000000ff357fccc0 mode 2
Event: 59.647 Thread 0x000002c969bdbf20 Uncommon trap: trap_request=0xffffff45 fr.pc=0x000002c9151da2dc relative=0x000000000000047c
Event: 59.647 Thread 0x000002c969bdbf20 Uncommon trap: reason=unstable_if action=reinterpret pc=0x000002c9151da2dc method=java.util.regex.Pattern.escape(ZZZ)I @ 8 c2
Event: 59.647 Thread 0x000002c969bdbf20 DEOPT PACKING pc=0x000002c9151da2dc sp=0x000000ff357fc8d0
Event: 59.647 Thread 0x000002c969bdbf20 DEOPT UNPACKING pc=0x000002c914763aa2 sp=0x000000ff357fc848 mode 2

Classes loaded (20 events):
Event: 31.275 Loading class sun/util/locale/provider/TimeZoneNameProviderImpl done
Event: 31.275 Loading class sun/util/cldr/CLDRTimeZoneNameProviderImpl done
Event: 31.276 Loading class sun/util/resources/cldr/TimeZoneNames
Event: 31.277 Loading class sun/util/resources/TimeZoneNamesBundle
Event: 31.277 Loading class sun/util/resources/OpenListResourceBundle
Event: 31.277 Loading class sun/util/resources/OpenListResourceBundle done
Event: 31.277 Loading class sun/util/resources/TimeZoneNamesBundle done
Event: 31.277 Loading class sun/util/resources/cldr/TimeZoneNames done
Event: 31.277 Loading class sun/util/resources/cldr/TimeZoneNames_en
Event: 31.278 Loading class sun/util/resources/cldr/TimeZoneNames_en done
Event: 31.279 Loading class sun/util/resources/cldr/TimeZoneNames_en_US
Event: 31.279 Loading class sun/util/resources/cldr/TimeZoneNames_en_US done
Event: 31.281 Loading class sun/util/cldr/CLDRBaseLocaleDataMetaInfo$TZCanonicalIDMapHolder
Event: 31.282 Loading class sun/util/cldr/CLDRBaseLocaleDataMetaInfo$TZCanonicalIDMapHolder done
Event: 31.283 Loading class sun/util/resources/TimeZoneNames
Event: 31.284 Loading class sun/util/resources/TimeZoneNames done
Event: 31.284 Loading class sun/util/resources/TimeZoneNames_en
Event: 31.285 Loading class sun/util/resources/TimeZoneNames_en done
Event: 35.733 Loading class java/lang/invoke/MethodHandleImpl$CountingWrapper$1
Event: 35.733 Loading class java/lang/invoke/MethodHandleImpl$CountingWrapper$1 done

Classes unloaded (20 events):
Event: 3.297 Thread 0x000002c90a09eb60 Unloading class 0x000002c9221acc00 'java/lang/invoke/LambdaForm$MH+0x000002c9221acc00'
Event: 3.297 Thread 0x000002c90a09eb60 Unloading class 0x000002c9221ac800 'java/lang/invoke/LambdaForm$MH+0x000002c9221ac800'
Event: 3.297 Thread 0x000002c90a09eb60 Unloading class 0x000002c9221ac400 'java/lang/invoke/LambdaForm$MH+0x000002c9221ac400'
Event: 3.297 Thread 0x000002c90a09eb60 Unloading class 0x000002c9221ac000 'java/lang/invoke/LambdaForm$BMH+0x000002c9221ac000'
Event: 3.297 Thread 0x000002c90a09eb60 Unloading class 0x000002c9221abc00 'java/lang/invoke/LambdaForm$DMH+0x000002c9221abc00'
Event: 3.297 Thread 0x000002c90a09eb60 Unloading class 0x000002c9221aa800 'java/lang/invoke/LambdaForm$DMH+0x000002c9221aa800'
Event: 37.628 Thread 0x000002c90a09eb60 Unloading class 0x000002c922890000 'java/lang/invoke/LambdaForm$DMH+0x000002c922890000'
Event: 37.628 Thread 0x000002c90a09eb60 Unloading class 0x000002c922890400 'java/lang/invoke/LambdaForm$DMH+0x000002c922890400'
Event: 37.628 Thread 0x000002c90a09eb60 Unloading class 0x000002c922889800 'java/lang/invoke/LambdaForm$DMH+0x000002c922889800'
Event: 37.628 Thread 0x000002c90a09eb60 Unloading class 0x000002c922889c00 'java/lang/invoke/LambdaForm$DMH+0x000002c922889c00'
Event: 37.628 Thread 0x000002c90a09eb60 Unloading class 0x000002c92279ac00 'java/lang/invoke/LambdaForm$MH+0x000002c92279ac00'
Event: 37.628 Thread 0x000002c90a09eb60 Unloading class 0x000002c92279a800 'java/lang/invoke/LambdaForm$MH+0x000002c92279a800'
Event: 37.628 Thread 0x000002c90a09eb60 Unloading class 0x000002c92279a000 'java/lang/invoke/LambdaForm$MH+0x000002c92279a000'
Event: 37.628 Thread 0x000002c90a09eb60 Unloading class 0x000002c922799c00 'java/lang/invoke/LambdaForm$MH+0x000002c922799c00'
Event: 37.628 Thread 0x000002c90a09eb60 Unloading class 0x000002c922799400 'java/lang/invoke/LambdaForm$MH+0x000002c922799400'
Event: 37.628 Thread 0x000002c90a09eb60 Unloading class 0x000002c922799000 'java/lang/invoke/LambdaForm$MH+0x000002c922799000'
Event: 37.628 Thread 0x000002c90a09eb60 Unloading class 0x000002c922798800 'java/lang/invoke/LambdaForm$MH+0x000002c922798800'
Event: 37.628 Thread 0x000002c90a09eb60 Unloading class 0x000002c922798400 'java/lang/invoke/LambdaForm$MH+0x000002c922798400'
Event: 37.628 Thread 0x000002c90a09eb60 Unloading class 0x000002c922790800 'java/lang/invoke/LambdaForm$MH+0x000002c922790800'
Event: 37.628 Thread 0x000002c90a09eb60 Unloading class 0x000002c922790c00 'java/lang/invoke/LambdaForm$MH+0x000002c922790c00'

Classes redefined (0 events):
No events

Internal exceptions (20 events):
Event: 48.418 Thread 0x000002c969bdd960 Exception <a 'java/lang/ArrayIndexOutOfBoundsException'{0x00000000d5687d38}> (0x00000000d5687d38) 
thrown [s\src\hotspot\share\runtime\sharedRuntime.cpp, line 625]
Event: 48.421 Thread 0x000002c969bdd960 Exception <a 'java/lang/ArrayIndexOutOfBoundsException'{0x00000000d579c240}> (0x00000000d579c240) 
thrown [s\src\hotspot\share\runtime\sharedRuntime.cpp, line 625]
Event: 48.421 Thread 0x000002c969bdd960 Exception <a 'java/lang/ArrayIndexOutOfBoundsException'{0x00000000d57a50a0}> (0x00000000d57a50a0) 
thrown [s\src\hotspot\share\runtime\sharedRuntime.cpp, line 625]
Event: 49.646 Thread 0x000002c969bdbf20 Exception <a 'java/lang/ArrayIndexOutOfBoundsException'{0x00000000d55f50b0}> (0x00000000d55f50b0) 
thrown [s\src\hotspot\share\runtime\sharedRuntime.cpp, line 625]
Event: 49.647 Thread 0x000002c969bdbf20 Exception <a 'java/lang/ArrayIndexOutOfBoundsException'{0x00000000d55fc340}> (0x00000000d55fc340) 
thrown [s\src\hotspot\share\runtime\sharedRuntime.cpp, line 625]
Event: 49.651 Thread 0x000002c969bdbf20 Exception <a 'java/lang/ArrayIndexOutOfBoundsException'{0x00000000d56a50b8}> (0x00000000d56a50b8) 
thrown [s\src\hotspot\share\runtime\sharedRuntime.cpp, line 625]
Event: 49.651 Thread 0x000002c969bdbf20 Exception <a 'java/lang/ArrayIndexOutOfBoundsException'{0x00000000d56ac338}> (0x00000000d56ac338) 
thrown [s\src\hotspot\share\runtime\sharedRuntime.cpp, line 625]
Event: 50.415 Thread 0x000002c969bde680 Exception <a 'java/lang/ArrayIndexOutOfBoundsException'{0x00000000d55ca108}> (0x00000000d55ca108) 
thrown [s\src\hotspot\share\runtime\sharedRuntime.cpp, line 625]
Event: 50.415 Thread 0x000002c969bde680 Exception <a 'java/lang/ArrayIndexOutOfBoundsException'{0x00000000d55d15f0}> (0x00000000d55d15f0) 
thrown [s\src\hotspot\share\runtime\sharedRuntime.cpp, line 625]
Event: 50.417 Thread 0x000002c969bde680 Exception <a 'java/lang/ArrayIndexOutOfBoundsException'{0x00000000d567de40}> (0x00000000d567de40) 
thrown [s\src\hotspot\share\runtime\sharedRuntime.cpp, line 625]
Event: 50.417 Thread 0x000002c969bde680 Exception <a 'java/lang/ArrayIndexOutOfBoundsException'{0x00000000d5685348}> (0x00000000d5685348) 
thrown [s\src\hotspot\share\runtime\sharedRuntime.cpp, line 625]
Event: 51.188 Thread 0x000002c969bd9130 Exception <a 'java/lang/ArrayIndexOutOfBoundsException'{0x00000000d568a558}> (0x00000000d568a558) 
thrown [s\src\hotspot\share\runtime\sharedRuntime.cpp, line 625]
Event: 51.188 Thread 0x000002c969bd9130 Exception <a 'java/lang/ArrayIndexOutOfBoundsException'{0x00000000d5692ac8}> (0x00000000d5692ac8) 
thrown [s\src\hotspot\share\runtime\sharedRuntime.cpp, line 625]
Event: 51.194 Thread 0x000002c969bd9130 Exception <a 'java/lang/ArrayIndexOutOfBoundsException'{0x00000000d56dd1a0}> (0x00000000d56dd1a0) 
thrown [s\src\hotspot\share\runtime\sharedRuntime.cpp, line 625]
Event: 51.293 Thread 0x000002c969bdbf20 Exception <a 'java/lang/ArrayIndexOutOfBoundsException'{0x00000000d574ebd8}> (0x00000000d574ebd8) 
thrown [s\src\hotspot\share\runtime\sharedRuntime.cpp, line 625]
Event: 51.293 Thread 0x000002c969bdbf20 Exception <a 'java/lang/ArrayIndexOutOfBoundsException'{0x00000000d5755e88}> (0x00000000d5755e88) 
thrown [s\src\hotspot\share\runtime\sharedRuntime.cpp, line 625]
Event: 51.296 Thread 0x000002c969bdbf20 Exception <a 'java/lang/ArrayIndexOutOfBoundsException'{0x00000000d57feab0}> (0x00000000d57feab0) 
thrown [s\src\hotspot\share\runtime\sharedRuntime.cpp, line 625]
Event: 51.296 Thread 0x000002c969bdbf20 Exception <a 'java/lang/ArrayIndexOutOfBoundsException'{0x00000000d5805d30}> (0x00000000d5805d30) 
thrown [s\src\hotspot\share\runtime\sharedRuntime.cpp, line 625]
Event: 53.507 Thread 0x000002c969bdbf20 Exception <a 'java/lang/NoSuchMethodError'{0x00000000d56cdd38}: 'int java.lang.invoke.DirectMethodHandle$Holder.invokeVirtual(java.lang.Object, java.lang.Object, java.lang.Object, int)'> (0x00000000d56cdd38) 
thrown [s\src\hotspot\share\interpreter\linkResolver.cpp, line 773]
Event: 55.534 Thread 0x000002c969bdbf20 Exception <a 'java/lang/NoSuchMethodError'{0x00000000d5872488}: 'void java.lang.invoke.DirectMethodHandle$Holder.invokeSpecial(java.lang.Object, java.lang.Object, int)'> (0x00000000d5872488) 
thrown [s\src\hotspot\share\interpreter\linkResolver.cpp, line 773]

ZGC Phase Switch (0 events):
No events

VM Operations (20 events):
Event: 51.207 Executing VM operation: ParallelGCFailedAllocation (Allocation Failure) done
Event: 51.215 Executing VM operation: ParallelGCFailedAllocation (Allocation Failure)
Event: 51.218 Executing VM operation: ParallelGCFailedAllocation (Allocation Failure) done
Event: 51.297 Executing VM operation: ParallelGCFailedAllocation (Allocation Failure)
Event: 51.300 Executing VM operation: ParallelGCFailedAllocation (Allocation Failure) done
Event: 51.461 Executing VM operation: HandshakeAllThreads (Deoptimize)
Event: 51.462 Executing VM operation: HandshakeAllThreads (Deoptimize) done
Event: 51.656 Executing VM operation: ParallelGCFailedAllocation (Allocation Failure)
Event: 52.476 Executing VM operation: ParallelGCFailedAllocation (Allocation Failure) done
Event: 53.489 Executing VM operation: Cleanup
Event: 53.506 Executing VM operation: Cleanup done
Event: 57.558 Executing VM operation: ParallelGCFailedAllocation (Allocation Failure)
Event: 58.576 Executing VM operation: ParallelGCFailedAllocation (Allocation Failure) done
Event: 60.162 Executing VM operation: HandshakeAllThreads (HandshakeForDeflation)
Event: 60.673 Executing VM operation: HandshakeAllThreads (HandshakeForDeflation) done
Event: 60.673 Executing VM operation: Cleanup
Event: 60.673 Executing VM operation: Cleanup done
Event: 60.673 Executing VM operation: RendezvousGCThreads
Event: 60.673 Executing VM operation: RendezvousGCThreads done
Event: 61.700 Executing VM operation: ParallelGCFailedAllocation (Allocation Failure)

Memory protections (0 events):
No events

Nmethod flushes (20 events):
Event: 37.652 Thread 0x000002c90a09eb60 flushing  nmethod 0x000002c90de8ac10
Event: 37.652 Thread 0x000002c90a09eb60 flushing  nmethod 0x000002c90de92590
Event: 37.652 Thread 0x000002c90a09eb60 flushing  nmethod 0x000002c90de93510
Event: 37.652 Thread 0x000002c90a09eb60 flushing  nmethod 0x000002c90de9c910
Event: 37.652 Thread 0x000002c90a09eb60 flushing  nmethod 0x000002c90de9d190
Event: 37.652 Thread 0x000002c90a09eb60 flushing  nmethod 0x000002c90dea6710
Event: 37.652 Thread 0x000002c90a09eb60 flushing  nmethod 0x000002c90dea7890
Event: 37.652 Thread 0x000002c90a09eb60 flushing  nmethod 0x000002c90dea9410
Event: 37.652 Thread 0x000002c90a09eb60 flushing osr nmethod 0x000002c90deb3990
Event: 37.652 Thread 0x000002c90a09eb60 flushing  nmethod 0x000002c90deb5210
Event: 37.652 Thread 0x000002c90a09eb60 flushing  nmethod 0x000002c90deb6310
Event: 37.652 Thread 0x000002c90a09eb60 flushing  nmethod 0x000002c90debe290
Event: 37.652 Thread 0x000002c90a09eb60 flushing  nmethod 0x000002c90debf110
Event: 37.652 Thread 0x000002c90a09eb60 flushing  nmethod 0x000002c90dec1a90
Event: 37.652 Thread 0x000002c90a09eb60 flushing  nmethod 0x000002c90dec2290
Event: 37.652 Thread 0x000002c90a09eb60 flushing  nmethod 0x000002c90dec2590
Event: 37.652 Thread 0x000002c90a09eb60 flushing  nmethod 0x000002c90dec3110
Event: 37.652 Thread 0x000002c90a09eb60 flushing  nmethod 0x000002c90deef810
Event: 37.652 Thread 0x000002c90a09eb60 flushing  nmethod 0x000002c90df5aa90
Event: 37.652 Thread 0x000002c90a09eb60 flushing  nmethod 0x000002c90dfe2290

Events (20 events):
Event: 31.231 Thread 0x000002c962e16620 Thread added: 0x000002c9754c7280
Event: 31.243 Thread 0x000002c962e16620 Thread added: 0x000002c9754c7950
Event: 31.509 Thread 0x000002c9754c7950 Thread exited: 0x000002c9754c7950
Event: 32.070 Thread 0x000002c9754c7280 Thread exited: 0x000002c9754c7280
Event: 32.342 Thread 0x000002c962e16620 Thread added: 0x000002c9754c6bb0
Event: 33.019 Thread 0x000002c9754c6bb0 Thread exited: 0x000002c9754c6bb0
Event: 36.270 Thread 0x000002c962e16620 Thread added: 0x000002c9754c5070
Event: 36.573 Thread 0x000002c962e16620 Thread added: 0x000002c9754c7950
Event: 38.979 Thread 0x000002c9754c7950 Thread exited: 0x000002c9754c7950
Event: 39.800 Thread 0x000002c9754c5070 Thread exited: 0x000002c9754c5070
Event: 39.883 Thread 0x000002c962e0b4e0 Thread added: 0x000002c9754c5070
Event: 39.883 Thread 0x000002c962e0b4e0 Thread added: 0x000002c9754c6bb0
Event: 40.059 Thread 0x000002c9754c6bb0 Thread exited: 0x000002c9754c6bb0
Event: 40.059 Thread 0x000002c9754c5070 Thread exited: 0x000002c9754c5070
Event: 48.422 Thread 0x000002c962e16620 Thread added: 0x000002c9754c5070
Event: 48.731 Thread 0x000002c9754c5070 Thread exited: 0x000002c9754c5070
Event: 51.219 Thread 0x000002c962e0b4e0 Thread added: 0x000002c9754c5070
Event: 51.429 Thread 0x000002c9754c5070 Thread exited: 0x000002c9754c5070
Event: 52.481 Thread 0x000002c962e16620 Thread added: 0x000002c9754c5070
Event: 59.640 Thread 0x000002c9754c5070 Thread exited: 0x000002c9754c5070


Dynamic libraries:
0x00007ff6f6540000 - 0x00007ff6f654e000 	c:\Users\Nithin\.vscode\extensions\redhat.java-1.48.2025111208-win32-x64\jre\21.0.9-win32-x86_64\bin\java.exe
0x00007ffed7c00000 - 0x00007ffed7e68000 	C:\WINDOWS\SYSTEM32\ntdll.dll
0x00007ffed6f30000 - 0x00007ffed6ff9000 	C:\WINDOWS\System32\KERNEL32.DLL
0x00007ffed5150000 - 0x00007ffed5542000 	C:\WINDOWS\System32\KERNELBASE.dll
0x00007ffed5000000 - 0x00007ffed514b000 	C:\WINDOWS\System32\ucrtbase.dll
0x00007ffecab00000 - 0x00007ffecab18000 	c:\Users\Nithin\.vscode\extensions\redhat.java-1.48.2025111208-win32-x64\jre\21.0.9-win32-x86_64\bin\jli.dll
0x00007ffec11c0000 - 0x00007ffec11de000 	c:\Users\Nithin\.vscode\extensions\redhat.java-1.48.2025111208-win32-x64\jre\21.0.9-win32-x86_64\bin\VCRUNTIME140.dll
0x00007ffed7200000 - 0x00007ffed73c5000 	C:\WINDOWS\System32\USER32.dll
0x00007ffed4d90000 - 0x00007ffed4db7000 	C:\WINDOWS\System32\win32u.dll
0x00007ffed6ef0000 - 0x00007ffed6f1b000 	C:\WINDOWS\System32\GDI32.dll
0x00007ffed5810000 - 0x00007ffed593d000 	C:\WINDOWS\System32\gdi32full.dll
0x00007ffeb86b0000 - 0x00007ffeb8943000 	C:\WINDOWS\WinSxS\amd64_microsoft.windows.common-controls_6595b64144ccf1df_6.0.26100.6899_none_3e0efeeae32e88c1\COMCTL32.dll
0x00007ffed5550000 - 0x00007ffed55f3000 	C:\WINDOWS\System32\msvcp_win.dll
0x00007ffed6c50000 - 0x00007ffed6cf9000 	C:\WINDOWS\System32\msvcrt.dll
0x00007ffed5b20000 - 0x00007ffed5b4f000 	C:\WINDOWS\System32\IMM32.DLL
0x00007ffecaee0000 - 0x00007ffecaeec000 	c:\Users\Nithin\.vscode\extensions\redhat.java-1.48.2025111208-win32-x64\jre\21.0.9-win32-x86_64\bin\vcruntime140_1.dll
0x00007ffe65ff0000 - 0x00007ffe6607d000 	c:\Users\Nithin\.vscode\extensions\redhat.java-1.48.2025111208-win32-x64\jre\21.0.9-win32-x86_64\bin\msvcp140.dll
0x00007ffe648f0000 - 0x00007ffe65690000 	c:\Users\Nithin\.vscode\extensions\redhat.java-1.48.2025111208-win32-x64\jre\21.0.9-win32-x86_64\bin\server\jvm.dll
0x00007ffed5f70000 - 0x00007ffed6024000 	C:\WINDOWS\System32\ADVAPI32.dll
0x00007ffed5b60000 - 0x00007ffed5c06000 	C:\WINDOWS\System32\sechost.dll
0x00007ffed6d80000 - 0x00007ffed6e98000 	C:\WINDOWS\System32\RPCRT4.dll
0x00007ffed6660000 - 0x00007ffed66d4000 	C:\WINDOWS\System32\WS2_32.dll
0x00007ffed17b0000 - 0x00007ffed17e5000 	C:\WINDOWS\SYSTEM32\WINMM.dll
0x00007ffec4ea0000 - 0x00007ffec4eab000 	C:\WINDOWS\SYSTEM32\VERSION.dll
0x00007ffed4bf0000 - 0x00007ffed4c4e000 	C:\WINDOWS\SYSTEM32\POWRPROF.dll
0x00007ffed4bd0000 - 0x00007ffed4be4000 	C:\WINDOWS\SYSTEM32\UMPDC.dll
0x00007ffed3b40000 - 0x00007ffed3b5b000 	C:\WINDOWS\SYSTEM32\kernel.appcore.dll
0x00007ffecade0000 - 0x00007ffecadea000 	c:\Users\Nithin\.vscode\extensions\redhat.java-1.48.2025111208-win32-x64\jre\21.0.9-win32-x86_64\bin\jimage.dll
0x00007ffed2590000 - 0x00007ffed27d2000 	C:\WINDOWS\SYSTEM32\DBGHELP.DLL
0x00007ffed66e0000 - 0x00007ffed6a5b000 	C:\WINDOWS\System32\combase.dll
0x00007ffed6a60000 - 0x00007ffed6b37000 	C:\WINDOWS\System32\OLEAUT32.dll
0x00007ffe9eae0000 - 0x00007ffe9eb1c000 	C:\WINDOWS\SYSTEM32\dbgcore.DLL
0x00007ffed5600000 - 0x00007ffed5698000 	C:\WINDOWS\System32\bcryptPrimitives.dll
0x00007ffecaa20000 - 0x00007ffecaa2f000 	c:\Users\Nithin\.vscode\extensions\redhat.java-1.48.2025111208-win32-x64\jre\21.0.9-win32-x86_64\bin\instrument.dll
0x00007ffec0a00000 - 0x00007ffec0a20000 	c:\Users\Nithin\.vscode\extensions\redhat.java-1.48.2025111208-win32-x64\jre\21.0.9-win32-x86_64\bin\java.dll
0x00007ffeb9e20000 - 0x00007ffeb9e38000 	c:\Users\Nithin\.vscode\extensions\redhat.java-1.48.2025111208-win32-x64\jre\21.0.9-win32-x86_64\bin\zip.dll
0x00007ffed73e0000 - 0x00007ffed7b2d000 	C:\WINDOWS\System32\SHELL32.dll
0x00007ffed56a0000 - 0x00007ffed580b000 	C:\WINDOWS\System32\wintypes.dll
0x00007ffed29a0000 - 0x00007ffed31fd000 	C:\WINDOWS\SYSTEM32\windows.storage.dll
0x00007ffed5c10000 - 0x00007ffed5d02000 	C:\WINDOWS\System32\SHCORE.dll
0x00007ffed59d0000 - 0x00007ffed5a32000 	C:\WINDOWS\System32\shlwapi.dll
0x00007ffed4cb0000 - 0x00007ffed4cd9000 	C:\WINDOWS\SYSTEM32\profapi.dll
0x00007ffeca8f0000 - 0x00007ffeca900000 	C:\Users\Nithin\.vscode\extensions\redhat.java-1.48.2025111208-win32-x64\jre\21.0.9-win32-x86_64\bin\net.dll
0x00007ffeca130000 - 0x00007ffeca24f000 	C:\WINDOWS\SYSTEM32\WINHTTP.dll
0x00007ffed40d0000 - 0x00007ffed413b000 	C:\WINDOWS\system32\mswsock.dll
0x00007ffe9c8a0000 - 0x00007ffe9c8b6000 	C:\Users\Nithin\.vscode\extensions\redhat.java-1.48.2025111208-win32-x64\jre\21.0.9-win32-x86_64\bin\nio.dll
0x00007ffec4130000 - 0x00007ffec4140000 	c:\Users\Nithin\.vscode\extensions\redhat.java-1.48.2025111208-win32-x64\jre\21.0.9-win32-x86_64\bin\verify.dll
0x00007ffe9b2e0000 - 0x00007ffe9b324000 	C:\Users\Nithin\AppData\Roaming\Code\User\globalStorage\redhat.java\1.48.2025111208\config_win\org.eclipse.equinox.launcher\org.eclipse.equinox.launcher.win32.win32.x86_64_1.2.1400.v20250801-0854\eclipse_11916.dll
0x00007ffed64c0000 - 0x00007ffed6658000 	C:\WINDOWS\System32\ole32.dll
0x00007ffed4380000 - 0x00007ffed439b000 	C:\WINDOWS\SYSTEM32\CRYPTSP.dll
0x00007ffed3aa0000 - 0x00007ffed3adb000 	C:\WINDOWS\system32\rsaenh.dll
0x00007ffed4170000 - 0x00007ffed419b000 	C:\WINDOWS\SYSTEM32\USERENV.dll
0x00007ffed4c80000 - 0x00007ffed4ca6000 	C:\WINDOWS\SYSTEM32\bcrypt.dll
0x00007ffed43a0000 - 0x00007ffed43ac000 	C:\WINDOWS\SYSTEM32\CRYPTBASE.dll
0x00007ffed3530000 - 0x00007ffed3564000 	C:\WINDOWS\SYSTEM32\IPHLPAPI.DLL
0x00007ffed71f0000 - 0x00007ffed71fa000 	C:\WINDOWS\System32\NSI.dll
0x00007ffe97810000 - 0x00007ffe97859000 	C:\Users\Nithin\AppData\Local\Temp\jna--1961364748\jna1578797700527727857.dll
0x00007ffed73d0000 - 0x00007ffed73d8000 	C:\WINDOWS\System32\PSAPI.DLL
0x00007ffecc340000 - 0x00007ffecc35e000 	C:\WINDOWS\SYSTEM32\dhcpcsvc6.DLL
0x00007ffecc310000 - 0x00007ffecc333000 	C:\WINDOWS\SYSTEM32\dhcpcsvc.DLL
0x00007ffec1f30000 - 0x00007ffec1f3e000 	C:\Users\Nithin\.vscode\extensions\redhat.java-1.48.2025111208-win32-x64\jre\21.0.9-win32-x86_64\bin\sunmscapi.dll
0x00007ffed4dc0000 - 0x00007ffed4f37000 	C:\WINDOWS\System32\CRYPT32.dll
0x00007ffed45a0000 - 0x00007ffed45d0000 	C:\WINDOWS\SYSTEM32\ncrypt.dll
0x00007ffed4550000 - 0x00007ffed458f000 	C:\WINDOWS\SYSTEM32\NTASN1.dll
0x00007ffed35c0000 - 0x00007ffed36e6000 	C:\WINDOWS\SYSTEM32\DNSAPI.dll
0x00007ffec9740000 - 0x00007ffec974b000 	C:\Windows\System32\rasadhlp.dll
0x00007ffecc7a0000 - 0x00007ffecc826000 	C:\WINDOWS\System32\fwpuclnt.dll
0x00007ffec1d40000 - 0x00007ffec1d49000 	C:\Users\Nithin\.vscode\extensions\redhat.java-1.48.2025111208-win32-x64\jre\21.0.9-win32-x86_64\bin\extnet.dll

JVMTI agents:
c:\Users\Nithin\.vscode\extensions\redhat.java-1.48.2025111208-win32-x64\lombok\lombok-1.18.39-4050.jar path:c:\Users\Nithin\.vscode\extensions\redhat.java-1.48.2025111208-win32-x64\jre\21.0.9-win32-x86_64\bin\instrument.dll, loaded, initialized, instrumentlib options:none

dbghelp: loaded successfully - version: 4.0.5 - missing functions: none
symbol engine: initialized successfully - sym options: 0x614 - pdb path: .;c:\Users\Nithin\.vscode\extensions\redhat.java-1.48.2025111208-win32-x64\jre\21.0.9-win32-x86_64\bin;C:\WINDOWS\SYSTEM32;C:\WINDOWS\WinSxS\amd64_microsoft.windows.common-controls_6595b64144ccf1df_6.0.26100.6899_none_3e0efeeae32e88c1;c:\Users\Nithin\.vscode\extensions\redhat.java-1.48.2025111208-win32-x64\jre\21.0.9-win32-x86_64\bin\server;C:\Users\Nithin\AppData\Roaming\Code\User\globalStorage\redhat.java\1.48.2025111208\config_win\org.eclipse.equinox.launcher\org.eclipse.equinox.launcher.win32.win32.x86_64_1.2.1400.v20250801-0854;C:\Users\Nithin\AppData\Local\Temp\jna--1961364748

VM Arguments:
jvm_args: --add-modules=ALL-SYSTEM --add-opens=java.base/java.util=ALL-UNNAMED --add-opens=java.base/java.lang=ALL-UNNAMED --add-opens=java.base/sun.nio.fs=ALL-UNNAMED -Declipse.application=org.eclipse.jdt.ls.core.id1 -Dosgi.bundles.defaultStartLevel=4 -Declipse.product=org.eclipse.jdt.ls.core.product -Djava.import.generatesMetadataFilesAtProjectRoot=false -DDetectVMInstallationsJob.disabled=true -Dfile.encoding=utf8 -XX:+UseParallelGC -XX:GCTimeRatio=4 -XX:AdaptiveSizePolicyWeight=90 -Dsun.zip.disableMemoryMapping=true -Xmx2G -Xms100m -Xlog:disable -javaagent:c:\Users\Nithin\.vscode\extensions\redhat.java-1.48.2025111208-win32-x64\lombok\lombok-1.18.39-4050.jar -XX:+HeapDumpOnOutOfMemoryError -XX:HeapDumpPath=c:\Users\Nithin\AppData\Roaming\Code\User\workspaceStorage\0a4af74c710776f18431824a9c484b44\redhat.java -Daether.dependencyCollector.impl=bf -XX:+UnlockDiagnosticVMOptions -XX:+AllowArchivingWithJavaAgent -XX:+AutoCreateSharedArchive -XX:SharedArchiveFile=c:\Users\Nithin\AppData\Roaming\Code\User\globalStorage\redhat.java\1.48.2025111208\jdtls.jsa 
java_command: c:\Users\Nithin\.vscode\extensions\redhat.java-1.48.2025111208-win32-x64\server\plugins\org.eclipse.equinox.launcher_1.7.100.v20251111-0406.jar -configuration c:\Users\Nithin\AppData\Roaming\Code\User\globalStorage\redhat.java\1.48.2025111208\config_win -data c:\Users\Nithin\AppData\Roaming\Code\User\workspaceStorage\0a4af74c710776f18431824a9c484b44\redhat.java\jdt_ws --pipe=\\.\pipe\lsp-b719b5b76bab9005b6e67dee4cebb327-sock
java_class_path (initial): c:\Users\Nithin\.vscode\extensions\redhat.java-1.48.2025111208-win32-x64\server\plugins\org.eclipse.equinox.launcher_1.7.100.v20251111-0406.jar
Launcher Type: SUN_STANDARD

[Global flags]
    uintx AdaptiveSizePolicyWeight                 = 90                                        {product} {command line}
     bool AllowArchivingWithJavaAgent              = true                             {JVMCI diagnostic} {command line}
     bool AutoCreateSharedArchive                  = true                                {JVMCI product} {command line}
     intx CICompilerCount                          = 4                                         {product} {ergonomic}
    uintx GCTimeRatio                              = 4                                         {product} {command line}
     bool HeapDumpOnOutOfMemoryError               = true                                   {manageable} {command line}
    ccstr HeapDumpPath                             = c:\Users\Nithin\AppData\Roaming\Code\User\workspaceStorage\0a4af74c710776f18431824a9c484b44\redhat.java         {manageable} {command line}
   size_t InitialHeapSize                          = 104857600                                 {product} {command line}
   size_t MaxHeapSize                              = 2147483648                                {product} {command line}
   size_t MaxNewSize                               = 715653120                                 {product} {ergonomic}
   size_t MinHeapDeltaBytes                        = 524288                                    {product} {ergonomic}
   size_t MinHeapSize                              = 104857600                                 {product} {command line}
   size_t NewSize                                  = 34603008                                  {product} {ergonomic}
    uintx NonNMethodCodeHeapSize                   = 5839372                                {pd product} {ergonomic}
    uintx NonProfiledCodeHeapSize                  = 122909434                              {pd product} {ergonomic}
   size_t OldSize                                  = 70254592                                  {product} {ergonomic}
    uintx ProfiledCodeHeapSize                     = 122909434                              {pd product} {ergonomic}
    uintx ReservedCodeCacheSize                    = 251658240                              {pd product} {ergonomic}
     bool SegmentedCodeCache                       = true                                      {product} {ergonomic}
    ccstr SharedArchiveFile                        =                                     {JVMCI product} {command line}
   size_t SoftMaxHeapSize                          = 2147483648                             {manageable} {ergonomic}
     bool UnlockDiagnosticVMOptions                = true                                   {diagnostic} {command line}
     bool UseCompressedOops                        = true                           {product lp64_product} {ergonomic}
     bool UseLargePagesIndividualAllocation        = false                                  {pd product} {ergonomic}
     bool UseParallelGC                            = true                                      {product} {command line}

Logging:
Log output configuration:
 #0: stdout all=off uptime,level,tags foldmultilines=false
 #1: stderr all=off uptime,level,tags foldmultilines=false

Release file:
JAVA_VERSION="21.0.9" 
MODULES="java.base java.compiler java.datatransfer java.xml java.prefs java.desktop java.instrument java.logging java.management java.security.sasl java.naming java.rmi java.management.rmi java.net.http java.scripting java.security.jgss java.transaction.xa java.sql java.sql.rowset java.xml.crypto java.se java.smartcardio jdk.accessibility jdk.internal.jvmstat jdk.attach jdk.charsets jdk.internal.opt jdk.zipfs jdk.compiler jdk.crypto.ec jdk.crypto.cryptoki jdk.crypto.mscapi jdk.dynalink jdk.internal.ed jdk.editpad jdk.hotspot.agent jdk.httpserver jdk.internal.le jdk.internal.vm.ci jdk.internal.vm.compiler jdk.internal.vm.compiler.management jdk.jartool jdk.javadoc jdk.jcmd jdk.management jdk.management.agent jdk.jconsole jdk.jdeps jdk.jdwp.agent jdk.jdi jdk.jfr jdk.jshell jdk.jsobject jdk.jstatd jdk.localedata jdk.management.jfr jdk.naming.dns jdk.naming.rmi jdk.net jdk.nio.mapmode jdk.random jdk.sctp jdk.security.auth jdk.security.jgss jdk.unsupported jdk.unsupported.desktop jdk.xml.dom" 

Environment Variables:
PATH=C:\Python314\Scripts\;C:\Python314\;C:\Python313\Scripts\;C:\Python313\;C:\Program Files\Common Files\Oracle\Java\javapath;C:\Program Files\Python311\Scripts\;C:\Program Files\Python311\;C:\Windows\system32;C:\Windows;C:\Windows\System32\Wbem;C:\Windows\System32\WindowsPowerShell\v1.0\;C:\Windows\System32\OpenSSH\;C:\Program Files\dotnet\;C:\Program Files (x86)\NVIDIA Corporation\PhysX\Common;C:\Program Files\NVIDIA Corporation\NVIDIA NvDLISR;C:\Program Files\nodejs\node_modules\npm\bin;C:\Program Files\MySQL\MySQL Server 8.0\bin;C:\Program Files\Git\cmd;C:\WINDOWS\system32;C:\WINDOWS;C:\WINDOWS\System32\Wbem;C:\WINDOWS\System32\WindowsPowerShell\v1.0\;C:\WINDOWS\System32\OpenSSH\;C:\Program Files\Java\jdk-19\bin;C:\MinGW\bin;C:\xampp\php;D:\node.js\;C:\ProgramData\chocolatey\bin;C:\Program Files\MySQL;C:\Users\Nithin\AppData\Local\Programs\Microsoft VS Code\bin;C:\PHP 7,3;C:\Users\Nithin\AppData\Roaming\Composer\vendor\bin;C:\Users\Nithin\AppData\Roaming\npm
USERNAME=Nithin
OS=Windows_NT
PROCESSOR_IDENTIFIER=Intel64 Family 6 Model 154 Stepping 4, GenuineIntel
TMP=C:\Users\Nithin\AppData\Local\Temp
TEMP=C:\Users\Nithin\AppData\Local\Temp




Periodic native trim disabled

---------------  S Y S T E M  ---------------

OS:
 Windows 11 , 64 bit Build 26100 (10.0.26100.6725)
OS uptime: 23 days 18:48 hours
Hyper-V role detected

CPU: total 12 (initial active 12) (6 cores per cpu, 2 threads per core) family 6 model 154 stepping 4 microcode 0x437, cx8, cmov, fxsr, ht, mmx, 3dnowpref, sse, sse2, sse3, ssse3, sse4.1, sse4.2, popcnt, lzcnt, tsc, tscinvbit, avx, avx2, aes, erms, clmul, bmi1, bmi2, adx, sha, fma, vzeroupper, clflush, clflushopt, clwb, hv, serialize, rdtscp, rdpid, fsrm, f16c, cet_ibt, cet_ss
Processor Information for the first 12 processors :
  Max Mhz: 1300, Current Mhz: 1300, Mhz Limit: 1300

Memory: 4k page, system-wide physical 7876M (879M free)
TotalPageFile size 32452M (AvailPageFile size 0M)
current process WorkingSet (physical memory assigned to process): 554M, peak: 595M
current process commit charge ("private bytes"): 624M, peak: 668M

vm_info: OpenJDK 64-Bit Server VM (21.0.9+10-LTS) for windows-amd64 JRE (21.0.9+10-LTS), built on 2025-10-21T00:00:00Z by "admin" with unknown MS VC++:1942

END.
